--
-- PostgreSQL database dump
--

-- Dumped from database version 14.8 (Ubuntu 14.8-0ubuntu0.22.04.1)
-- Dumped by pg_dump version 14.8 (Ubuntu 14.8-0ubuntu0.22.04.1)

SET statement_timeout = 0;
SET lock_timeout = 0;
SET idle_in_transaction_session_timeout = 0;
SET client_encoding = 'UTF8';
SET standard_conforming_strings = on;
SELECT pg_catalog.set_config('search_path', '', false);
SET check_function_bodies = false;
SET xmloption = content;
SET client_min_messages = warning;
SET row_security = off;

--
-- Data for Name: members; Type: TABLE DATA; Schema: public; Owner: sven
--

COPY public.members (id, created_at, updated_at, name, keycloak_id) FROM stdin;
d5033a13-5bf6-47e9-958b-483ada0eebef	2023-06-15 15:00:59.882071	2023-06-15 15:00:59.882071	Test Seki01	1115cbc8-cbb7-4250-ab00-2e2003a58f5b
11e9c39a-64a8-41c2-8945-1115373ba66e	2023-06-15 15:00:59.888528	2023-06-15 15:00:59.888528	Test User001	d26a3222-3c06-4d75-9f01-9b1c2a3d9e4f
60055897-3df5-43db-aa6e-83d6d88bdb66	2023-06-15 15:00:59.896532	2023-06-15 15:00:59.896532	Jayme Payze	10e2e040-c8e6-4049-9589-a7956acb4b40
d08f02c0-a606-4668-ada8-26e046b5d283	2023-06-15 15:00:59.900469	2023-06-15 15:00:59.900469	Lucie Havenhand	2179f770-e6ae-4eb9-a268-f11efec1d735
0aa313db-7f9d-4968-a0cb-a7098139ef38	2023-06-15 15:00:59.90437	2023-06-15 15:00:59.90437	Dredi Bende	32a60644-1933-49b2-a713-cf48b4ea3c20
15154deb-7416-433b-b390-2d034e16ec7a	2023-06-15 15:00:59.908306	2023-06-15 15:00:59.908306	Kaitlin Ackenson	510c1dd7-8816-484c-b598-19a6cc973069
e998dc07-8a61-4d2f-a088-5daeff41576c	2023-06-15 15:00:59.892631	2023-06-15 15:01:00.164732	Alick McBeth	331dac72-9e2e-4677-a3fb-8cca168642be
09acc9d2-aad0-4b48-ac25-47dfeaf53b19	2023-06-15 15:01:00.679172	2023-06-15 15:01:00.679172	Thane Jacqueminot	\N
41af2281-05a9-454f-b6af-e360a78de5da	2023-06-15 15:01:00.685688	2023-06-15 15:01:00.685688	Halley Dewhurst	\N
e2700e81-e19b-4008-9293-497c46b8eae8	2023-06-15 15:01:00.691697	2023-06-15 15:01:00.691697	Langston Sackes	\N
2e60626b-6775-49d4-91d1-f2729644db76	2023-06-15 15:01:00.697409	2023-06-15 15:01:00.697409	Bethina Greenly	\N
722f0036-f838-4432-bdaa-1c0d6e2a7fbc	2023-06-15 15:01:00.703767	2023-06-15 15:01:00.703767	Andris Speddin	\N
feedd780-db8c-415f-b580-2cde6c81f842	2023-06-15 15:01:00.709522	2023-06-15 15:01:00.709522	Duff Harback	\N
d38687fe-0dc7-42dc-b104-b18634f3f072	2023-06-15 15:01:00.715291	2023-06-15 15:01:00.715291	Tildi Crockley	\N
c42590da-622e-465a-9b1b-0d63955f0ae3	2023-06-15 15:01:00.72085	2023-06-15 15:01:00.72085	Haze Lawrie	\N
20ca6c20-6c96-4f9e-b905-5f6308a1f236	2023-06-15 15:01:00.726542	2023-06-15 15:01:00.726542	Dennie Coatts	\N
9ea4456d-ab5b-4998-a5a5-a8ccfee4e05d	2023-06-15 15:01:00.732117	2023-06-15 15:01:00.732117	Georgina Starrs	\N
d045fa08-de58-442c-a3cf-008538faef67	2023-06-15 15:01:00.737672	2023-06-15 15:01:00.737672	Gayle Mardy	\N
7addef6c-7526-47c2-9347-a50e10dbfcc9	2023-06-15 15:01:00.743294	2023-06-15 15:01:00.743294	Dieter Wogden	\N
2642cf35-0d0e-4c5e-81fb-fece63f234a6	2023-06-15 15:01:00.748826	2023-06-15 15:01:00.748826	Katerina Hamprecht	\N
bf5ad1a8-0e74-41e6-b4fb-80c377315e84	2023-06-15 15:01:00.754258	2023-06-15 15:01:00.754258	Krystle Liddall	\N
d60083df-97b9-43c4-8cd9-992c0969f521	2023-06-15 15:01:00.759924	2023-06-15 15:01:00.759924	Mohandas Cruttenden	\N
320b3278-6162-4273-b079-64b15613a1b8	2023-06-15 15:01:00.765401	2023-06-15 15:01:00.765401	Alair Moizer	\N
3a46ed3a-94bc-4607-a230-e0e54660d52a	2023-06-15 15:01:00.770892	2023-06-15 15:01:00.770892	Tate Zorzutti	\N
129de46c-d58e-490b-a9f4-fa9d0d397b23	2023-06-15 15:01:00.776519	2023-06-15 15:01:00.776519	Paulita Macallam	\N
5da65e9d-c816-43db-97db-af6ea3db0ad5	2023-06-15 15:01:00.782063	2023-06-15 15:01:00.782063	Oralle Mote	\N
3f4bd45d-e162-44b9-9914-67dfd7a01697	2023-06-15 15:01:00.787582	2023-06-15 15:01:00.787582	Jacobo Brockie	\N
08ab839e-1a7b-4e55-98a7-5523a1d3af52	2023-06-15 15:01:00.79312	2023-06-15 15:01:00.79312	Mord Strike	\N
c36338f5-fcdb-42a7-b1c7-628188becc6f	2023-06-15 15:01:00.79858	2023-06-15 15:01:00.79858	Emmye Ivanshintsev	\N
27f47924-6cb1-47a5-9d88-ae38a86cc32c	2023-06-15 15:01:00.804092	2023-06-15 15:01:00.804092	Nixie Halloran	\N
6f7eb138-3fc8-43ca-bbea-024cd4bb45c0	2023-06-15 15:01:00.809542	2023-06-15 15:01:00.809542	Gaultiero Learmount	\N
d56cd1d0-bc6e-489a-907b-cb42ef7c037b	2023-06-15 15:01:00.815221	2023-06-15 15:01:00.815221	Karrie Greenham	\N
01922047-44b3-43cb-a0b7-235e938e303f	2023-06-15 15:01:00.821169	2023-06-15 15:01:00.821169	Fionnula Scorah	\N
025dac20-bf55-406f-a8ca-35f524873f0c	2023-06-15 15:01:00.827101	2023-06-15 15:01:00.827101	Bartlet Jonah	\N
4e2d7981-26a2-4473-808c-829392b2211b	2023-06-15 15:01:00.833133	2023-06-15 15:01:00.833133	Norene Marques	\N
5d021ea9-8668-4589-a6b2-6b684c5b810b	2023-06-15 15:01:00.83867	2023-06-15 15:01:00.83867	De witt Bramwich	\N
90c6b1ec-b3c4-4b20-93e6-7f16a7cfbbc2	2023-06-15 15:01:00.844228	2023-06-15 15:01:00.844228	Chadwick Keggin	\N
94376afa-232c-4b57-9d67-6f6054a64bf2	2023-06-15 15:01:00.849629	2023-06-15 15:01:00.849629	Zebulon Neilus	\N
9bfb9dee-87a6-4d8b-a13f-1ca4ac76f4da	2023-06-15 15:01:00.855175	2023-06-15 15:01:00.855175	Allayne Strattan	\N
63434a68-cb38-4859-a4bb-2d4c2668a8f5	2023-06-15 15:01:00.860657	2023-06-15 15:01:00.860657	Nariko Giggs	\N
88ccb3f9-add9-4be2-a7a8-ca9500863487	2023-06-15 15:01:00.866101	2023-06-15 15:01:00.866101	Ragnar Boate	\N
4bae4060-40dc-4e7a-9610-76fb40ef6831	2023-06-15 15:01:00.87161	2023-06-15 15:01:00.87161	Aundrea Wride	\N
29f7f00d-8675-4dcd-99bf-f4ac1a1f6672	2023-06-15 15:01:00.877093	2023-06-15 15:01:00.877093	Joey Strewthers	\N
d3422d29-fe9b-41d9-8b39-0a07f80eb0cf	2023-06-15 15:01:00.882678	2023-06-15 15:01:00.882678	Charlotte Rosterne	\N
427376c9-7828-4e44-9831-ef42b64dfa7f	2023-06-15 15:01:00.888235	2023-06-15 15:01:00.888235	Robina Banes	\N
da9baebb-8ce3-490e-ac26-2188f937a662	2023-06-15 15:01:00.893597	2023-06-15 15:01:00.893597	Farleigh Giovannelli	\N
ba18f798-72be-40af-8bec-14969eaddec3	2023-06-15 15:01:00.899221	2023-06-15 15:01:00.899221	Margy Todarini	\N
99a9e09e-4ed1-430e-a448-81911ffb8e8a	2023-06-15 15:01:00.904727	2023-06-15 15:01:00.904727	Webb Louder	\N
21aa7ac3-089e-443b-bfea-efc994dab441	2023-06-15 15:01:00.910231	2023-06-15 15:01:00.910231	Camella Staterfield	\N
2ca61694-884b-40c3-a8a4-38cbc049c856	2023-06-15 15:01:00.914222	2023-06-15 15:01:00.914222	Lilias Cavey	\N
6797326e-399f-4632-81b2-babb0b568bfb	2023-06-15 15:01:00.918199	2023-06-15 15:01:00.918199	Elia Pawlicki	\N
1b03c7c6-982c-4f37-bb64-0dd937942c11	2023-06-15 15:01:00.922124	2023-06-15 15:01:00.922124	Ailene Teresse	\N
6221abcf-0a1f-44fd-b20d-a75b6ba07650	2023-06-15 15:01:00.926141	2023-06-15 15:01:00.926141	Serene Ellens	\N
04d1cd4d-413e-4e61-90a7-057d71d6b64c	2023-06-15 15:01:00.930129	2023-06-15 15:01:00.930129	Ashleigh Cottee	\N
a8214084-290d-4d08-a9f9-ac357154b077	2023-06-15 15:01:00.934049	2023-06-15 15:01:00.934049	Hephzibah Curuclis	\N
7a9c82a3-3193-493a-880b-64632bd17a9a	2023-06-15 15:01:00.938061	2023-06-15 15:01:00.938061	Remus Brownsword	\N
6e9390c5-4042-4f21-afab-d7eff4cd54b6	2023-06-15 15:01:00.941992	2023-06-15 15:01:00.941992	Myles Clac	\N
cd9d5140-2046-4b9c-be0e-027fbe57710d	2023-06-15 15:01:00.946108	2023-06-15 15:01:00.946108	Wilbur Paternoster	\N
df5e6b9f-8832-4e20-bfcc-64ac1db1eace	2023-06-15 15:01:00.950068	2023-06-15 15:01:00.950068	Modesta Dewes	\N
2af318a1-4b88-4497-9bc1-daef6980ec9a	2023-06-15 15:01:00.954178	2023-06-15 15:01:00.954178	Wally Sandom	\N
f5581e1b-8404-4fb1-b880-3020cd39857a	2023-06-15 15:01:00.958631	2023-06-15 15:01:00.958631	Carlin Ivashinnikov	\N
08c2d2ad-a4cf-45b0-9124-0fdd35e10426	2023-06-15 15:01:00.962593	2023-06-15 15:01:00.962593	Bradney Lenney	\N
8f9698a0-55ae-46d1-9bf0-a56d0b88f300	2023-06-15 15:01:00.966671	2023-06-15 15:01:00.966671	Hurley Titterington	\N
8adee7de-0040-4039-b0e6-582768d5c9cf	2023-06-15 15:01:00.970878	2023-06-15 15:01:00.970878	Adrienne Nutter	\N
059f5363-1a55-4dc7-b642-f9867d2f9071	2023-06-15 15:01:00.975234	2023-06-15 15:01:00.975234	Mellie Tafani	\N
2c203ce8-ac2b-42f8-806f-3f8c706e60ec	2023-06-15 15:01:00.979378	2023-06-15 15:01:00.979378	Bartholomew Hoy	\N
54dc8957-9e73-47dc-9024-cbf6a474516d	2023-06-15 15:01:00.98337	2023-06-15 15:01:00.98337	Deeann Hexum	\N
5cfed3cd-3118-4239-81a9-7fa7022d6d54	2023-06-15 15:01:00.987296	2023-06-15 15:01:00.987296	Avie Curner	\N
7d850cab-6209-419d-ad40-45c74f2da7fd	2023-06-15 15:01:00.991583	2023-06-15 15:01:00.991583	Niels Mackerness	\N
49fc963c-ceff-405f-990e-82c23ebfcaf8	2023-06-15 15:01:00.995753	2023-06-15 15:01:00.995753	Saw Tidcombe	\N
9cf10cf3-050a-4d4f-92d2-97d6f8f30354	2023-06-15 15:01:00.999807	2023-06-15 15:01:00.999807	Claybourne De Ruel	\N
26ffcd75-ea63-4274-b881-cd65fefc690b	2023-06-15 15:01:01.004017	2023-06-15 15:01:01.004017	Brendis Wisedale	\N
0b1a4618-8311-4d26-b07c-7012f26a78b2	2023-06-15 15:01:01.008381	2023-06-15 15:01:01.008381	Noah Laurencot	\N
c1bff4d6-a74a-4714-ba7b-083cde68df27	2023-06-15 15:01:01.012504	2023-06-15 15:01:01.012504	Millicent Cottam	\N
a8682bad-b34a-4330-a4ae-9026ef154b0f	2023-06-15 15:01:01.016506	2023-06-15 15:01:01.016506	Morgana Magwood	\N
33afab6f-0eb9-43f7-a001-397722a44b6f	2023-06-15 15:01:01.020479	2023-06-15 15:01:01.020479	Arlen Lorriman	\N
67ba8849-8cb6-44f4-ab00-71fe77fd0f64	2023-06-15 15:01:01.024654	2023-06-15 15:01:01.024654	Alanah Firsby	\N
9f37776d-38d6-4aa7-add7-1e7e962b4350	2023-06-15 15:01:01.028824	2023-06-15 15:01:01.028824	Raphaela Newlove	\N
eb698af2-873d-4939-b623-921333d763d4	2023-06-15 15:01:01.032775	2023-06-15 15:01:01.032775	Breanne Keasy	\N
f3cd23d6-f2ee-4dd7-b710-850a2567595d	2023-06-15 15:01:01.036837	2023-06-15 15:01:01.036837	Willem Detloff	\N
24622c6f-899a-4d8a-a268-fe5f4fbbc346	2023-06-15 15:01:01.040777	2023-06-15 15:01:01.040777	Alwyn Dillinger	\N
7fa06999-42a9-4305-b2a1-33df73cb7b30	2023-06-15 15:01:01.044985	2023-06-15 15:01:01.044985	Rudie Robe	\N
05722bbe-0b50-4d93-b68a-a745ec45e6a8	2023-06-15 15:01:01.048848	2023-06-15 15:01:01.048848	Hewett Iacovielli	\N
20d999da-a232-4606-bebb-54bda9f704e3	2023-06-15 15:01:01.052951	2023-06-15 15:01:01.052951	Olia Audiss	\N
0153456d-deb5-44ef-8546-270cdcbc63c6	2023-06-15 15:01:01.056854	2023-06-15 15:01:01.056854	Herc Maguire	\N
13405854-8bcd-4ed4-a0f3-f5b2426c7eb2	2023-06-15 15:01:01.061218	2023-06-15 15:01:01.061218	Farrand Armstead	\N
0cc9ba51-b68a-4431-b136-f039114f0291	2023-06-15 15:01:01.065373	2023-06-15 15:01:01.065373	Pier Ripper	\N
773c5128-7fc3-4164-9bdc-040a2a752a82	2023-06-15 15:01:01.069596	2023-06-15 15:01:01.069596	Timmi Willmot	\N
4bc7a34c-e566-4168-8e12-e01afa26c0a5	2023-06-15 15:01:01.073556	2023-06-15 15:01:01.073556	Simmonds Ennion	\N
8c394bcb-ee86-45fd-a7ac-c2ca5c4a672e	2023-06-15 15:01:01.07778	2023-06-15 15:01:01.07778	Eziechiele Balding	\N
3ef96c96-b3f1-41e4-9ecd-c857e514e8d3	2023-06-15 15:01:01.081829	2023-06-15 15:01:01.081829	Bess Kupker	\N
d2eba3a8-01bc-4728-b038-4bf5d178b36f	2023-06-15 15:01:01.085923	2023-06-15 15:01:01.085923	Hurley Olney	\N
723dcf58-103a-4e94-ab65-d1e91b12f4de	2023-06-15 15:01:01.090057	2023-06-15 15:01:01.090057	Lee Bourrel	\N
e8e50352-7d15-4834-8012-2695e1854ae8	2023-06-15 15:01:01.094399	2023-06-15 15:01:01.094399	Scotti Tertre	\N
0544b067-8b22-4603-b771-72f350eaa030	2023-06-15 15:01:01.098584	2023-06-15 15:01:01.098584	Marty Rust	\N
bfc2e886-1806-4f69-8171-5b826dbcf460	2023-06-15 15:01:01.102692	2023-06-15 15:01:01.102692	Ray Ropp	\N
7c29fd53-de9a-4295-9d68-55a4a3c213d6	2023-06-15 15:01:01.106958	2023-06-15 15:01:01.106958	Jessica Clench	\N
453c15f7-dc92-47a9-95f4-c6108d573b29	2023-06-15 15:01:01.111221	2023-06-15 15:01:01.111221	Pascale McPharlain	\N
6f87ddbf-0d90-4e5b-bbdc-8a7253cdb181	2023-06-15 15:01:01.115732	2023-06-15 15:01:01.115732	Rosa Nisius	\N
5a01293f-33a8-4731-a239-e82d1055f347	2023-06-15 15:01:01.119861	2023-06-15 15:01:01.119861	Carly Stilwell	\N
8bee6a0d-d609-41e1-bdc7-0624c45502b3	2023-06-15 15:01:01.123938	2023-06-15 15:01:01.123938	Philippa Jentzsch	\N
72a2a120-fd81-4bea-8490-7ef9bd9c9c18	2023-06-15 15:01:01.128163	2023-06-15 15:01:01.128163	Hurlee Cambden	\N
fba4bdcd-5375-4ead-81f4-08c8deeb5bce	2023-06-15 15:01:01.136512	2023-06-15 15:01:01.136512	Alasteir Loney	\N
a2adc31c-10a1-4751-9045-ca9e6039fde9	2023-06-15 15:01:01.144705	2023-06-15 15:01:01.144705	Lamar Benduhn	\N
3be7e193-3307-45bb-95ca-177524d93864	2023-06-15 15:01:01.152887	2023-06-15 15:01:01.152887	Baldwin Dwyer	\N
5fd1df09-9ab9-4a49-be63-6addf6d541d6	2023-06-15 15:01:01.16125	2023-06-15 15:01:01.16125	Stanleigh Nelane	\N
05d39478-1058-4f64-a660-c3611b17d43e	2023-06-15 15:01:01.169592	2023-06-15 15:01:01.169592	Nickolaus Malins	\N
db179abc-deb3-4006-a358-0b7d7ec776a1	2023-06-15 15:01:01.17786	2023-06-15 15:01:01.17786	Franzen Caulder	\N
36e9e385-1937-4b21-9f28-3963d0bd3ee6	2023-06-15 15:01:01.185932	2023-06-15 15:01:01.185932	Martyn MacRitchie	\N
3b998d78-8a28-4115-8eec-2b14ef74e253	2023-06-15 15:01:01.234865	2023-06-15 15:01:01.234865	create_get_update_group responsibles 0	\N
1b9a83fe-f2e9-4c6b-aa90-4f29c8ad3427	2023-06-15 15:01:01.243255	2023-06-15 15:01:01.243255	create_get_update_group participants 0	\N
c97a0856-6300-42ab-925e-7e8b48ad899f	2023-06-15 15:01:01.251453	2023-06-15 15:01:01.251453	create_get_update_group participants 2	\N
6810a92a-a0aa-4a67-a88a-329029478138	2023-06-15 15:01:01.489703	2023-06-15 15:01:01.489703	create_get_update_happening responsibles 0	\N
4f3e067f-8292-4e6f-a7a3-66f9ff4ffa0f	2023-06-15 15:01:01.507306	2023-06-15 15:01:01.507306	create_get_update_happening participants 1	\N
275f60e9-4069-4e63-ba97-d5e054407352	2023-06-15 15:01:01.132534	2023-06-15 15:01:01.132534	Axel Chestney	\N
3b50f186-dc2a-4731-9695-410d7d4bbde5	2023-06-15 15:01:01.14068	2023-06-15 15:01:01.14068	Walden Oliva	\N
84255886-9b69-45d6-ad93-3d688d270d4c	2023-06-15 15:01:01.1489	2023-06-15 15:01:01.1489	Sissy Hallatt	\N
3ddec6e9-57c4-4f44-8aa4-6a587dd9ed9a	2023-06-15 15:01:01.157116	2023-06-15 15:01:01.157116	Kalina Loder	\N
18424662-9800-45ae-b5be-f64bdcb848ab	2023-06-15 15:01:01.165606	2023-06-15 15:01:01.165606	Morganne Bartlomieczak	\N
9a3c84d3-6b54-41ed-acc2-c581fcd26bc5	2023-06-15 15:01:01.173779	2023-06-15 15:01:01.173779	Roze Grinyer	\N
45307745-954d-4a9c-9268-0360f17c0d99	2023-06-15 15:01:01.181881	2023-06-15 15:01:01.181881	Christoper Crowley	\N
fe8cc576-2f06-4bb0-bcd9-36fc80773dc1	2023-06-15 15:01:01.190184	2023-06-15 15:01:01.190184	Phil Hoyte	\N
86fd92f4-ae69-45f7-b661-dc9a9091504a	2023-06-15 15:01:01.239181	2023-06-15 15:01:01.239181	create_get_update_group responsibles 1	\N
59a5bfc8-4781-40cc-82a6-c4b21c7585ac	2023-06-15 15:01:01.247384	2023-06-15 15:01:01.247384	create_get_update_group participants 1	\N
e4ac1840-bd8b-43a9-89e0-3ade2f5d3774	2023-06-15 15:01:01.49482	2023-06-15 15:01:01.49482	create_get_update_happening responsibles 1	\N
e22e5796-686b-48d7-bf65-369fd1b40091	2023-06-15 15:01:01.499994	2023-06-15 15:01:01.499994	create_get_update_happening participants 0	\N
934e04cb-8846-4c27-a844-ea3dd36aa650	2023-06-15 15:01:01.513516	2023-06-15 15:01:01.513516	create_get_update_happening participants 2	\N
0e5805a8-3d42-4426-bd4f-6b3c0ff775c3	2023-06-15 15:01:01.854696	2023-06-15 15:01:01.891789	create_get_update_member	14a400b0-7f7d-440e-9933-620ed4c00ce1
\.


--
-- Data for Name: member_notes_list; Type: TABLE DATA; Schema: public; Owner: sven
--

COPY public.member_notes_list (id, created_at, updated_at, member_id, type) FROM stdin;
\.


--
-- Data for Name: absents; Type: TABLE DATA; Schema: public; Owner: sven
--

COPY public.absents (id, created_at, updated_at, member_id, reason, from_date, until_date, canceled, member_notes_list_id, note) FROM stdin;
\.


--
-- Data for Name: happenings; Type: TABLE DATA; Schema: public; Owner: sven
--

COPY public.happenings (id, created_at, updated_at, name, props, checked_in_filter) FROM stdin;
f9df5f34-0383-4209-bf3d-91ff286b3ee5	2023-06-15 15:01:00.011542	2023-06-15 15:01:00.011542	Sport	{"to": "2024-01-01T10:00:00Z", "bar": "foo", "foo": "bar", "from": "2024-01-01T08:00:00Z"}	\N
0fdfed73-88e5-4176-bab3-2a5a34d5c859	2023-06-15 15:01:00.020362	2023-06-15 15:01:00.020362	Erdkunde	{"to": "2024-01-01T10:00:00Z", "from": "2024-01-01T09:00:00Z"}	\N
f755d6ba-aefa-41c7-ad65-acf9cef842dc	2023-06-15 15:01:00.559164	2023-06-15 15:01:00.559164	Mathe LB1	{"to": "2023-06-19T10:00:00Z", "from": "2023-06-19T08:00:00Z"}	\N
1eb9bb17-7ae9-4af7-b9be-e83a56df69ba	2023-06-15 15:01:00.569263	2023-06-15 15:01:00.569263	Französisch LB2	{"to": "2023-06-19T10:00:00Z", "from": "2023-06-19T08:00:00Z"}	\N
3797265f-c5c9-4bac-b001-86e3eb6c9a75	2023-06-15 15:01:00.578215	2023-06-15 15:01:00.578215	Physik LB3	{"to": "2023-06-19T10:00:00Z", "from": "2023-06-19T08:00:00Z"}	\N
d119cf69-f882-47e6-9ed6-566b6a0d92aa	2023-06-15 15:01:00.587068	2023-06-15 15:01:00.587068	Deutsch	{"to": "2023-06-19T10:00:00Z", "from": "2023-06-19T08:00:00Z"}	\N
c4e230ad-c3c9-43f1-88bb-43a35f1c4a2f	2023-06-15 15:01:00.596179	2023-06-15 15:01:00.596179	Kunst LB1	{"to": "2023-06-19T12:00:00Z", "from": "2023-06-19T10:00:00Z"}	\N
49d9cd57-9449-4803-9365-6c76434988ae	2023-06-15 15:01:00.607654	2023-06-15 15:01:00.607654	Politik LB2	{"to": "2023-06-19T12:00:00Z", "from": "2023-06-19T10:00:00Z"}	\N
e3e81c34-0e40-4bb3-b353-3591ac8e4bd9	2023-06-15 15:01:00.616866	2023-06-15 15:01:00.616866	Deutsch LB3	{"to": "2023-06-19T12:00:00Z", "from": "2023-06-19T10:00:00Z"}	\N
e9a4e981-952b-4342-8674-a96b8b024074	2023-06-15 15:01:00.625718	2023-06-15 15:01:00.625718	Mathe	{"to": "2023-06-19T12:00:00Z", "from": "2023-06-19T10:00:00Z"}	\N
1ee86da5-6e66-420d-a58f-d935982379a9	2023-06-15 15:01:00.635193	2023-06-15 15:01:00.635193	Spanisch LB1	{"to": "2023-06-19T15:00:00Z", "from": "2023-06-19T13:00:00Z"}	\N
e44526cd-7fe2-4edc-b8bb-69e04ef8b798	2023-06-15 15:01:00.646296	2023-06-15 15:01:00.646296	Biologie LB2	{"to": "2023-06-19T15:00:00Z", "from": "2023-06-19T13:00:00Z"}	\N
a1b0e59b-94ba-4125-b5b3-96908c3f545c	2023-06-15 15:01:00.6546	2023-06-15 15:01:00.6546	Erdkunde	{"to": "2023-06-19T15:00:00Z", "from": "2023-06-19T13:00:00Z"}	\N
387c8bdb-37d6-4701-8cde-584c95276575	2023-06-15 15:01:00.665158	2023-06-15 15:01:00.665158	Sport	{"to": "2023-06-19T16:00:00Z", "from": "2023-06-19T15:00:00Z"}	\N
6ebccca8-60b1-4762-8e6b-80beecb5dabc	2023-06-15 15:01:01.458826	2023-06-15 15:01:01.458826	Happening A	{"to": "2024-01-01T10:00:00Z", "foo": "bar", "from": "2024-01-01T08:00:00Z"}	\N
b047547a-056b-4e34-8cfd-ddf66e58fd36	2023-06-15 15:01:01.543724	2023-06-15 15:01:01.586177	create_get_update_happening happening 0	\N	\N
\.


--
-- Data for Name: check_in_out; Type: TABLE DATA; Schema: public; Owner: sven
--

COPY public.check_in_out (id, created_at, updated_at, member_id, happening_id, date, check_type, delay_minutes) FROM stdin;
\.


--
-- Data for Name: contact; Type: TABLE DATA; Schema: public; Owner: sven
--

COPY public.contact (id, created_at, updated_at, member_id, type, value) FROM stdin;
\.


--
-- Data for Name: groups; Type: TABLE DATA; Schema: public; Owner: sven
--

COPY public.groups (id, created_at, updated_at, name) FROM stdin;
2f265b51-cbdd-4b3f-8919-66106c6ec8e4	2023-06-15 15:01:00.007131	2023-06-15 15:01:00.007131	Group A
095e0fc0-9e69-44a3-8a15-cdf2b8a5a4ce	2023-06-15 15:01:00.536217	2023-06-15 15:01:00.536217	Team A
c7876561-bfea-4ea0-96d3-51794acf1239	2023-06-15 15:01:00.549331	2023-06-15 15:01:00.549331	Team B
9bf4d667-52e0-4975-b4ff-ec4a9c2dd9a6	2023-06-15 15:01:01.255582	2023-06-15 15:01:01.287149	Group B
a621af01-9fa7-439b-98c5-7f9b4b08a7b3	2023-06-15 15:01:01.518697	2023-06-15 15:01:01.518697	create_get_update_happening group 0
\.


--
-- Data for Name: groups_happenings; Type: TABLE DATA; Schema: public; Owner: sven
--

COPY public.groups_happenings (id, created_at, updated_at, group_id, happening_id) FROM stdin;
1	2023-06-15 15:01:00.011542	2023-06-15 15:01:00.011542	2f265b51-cbdd-4b3f-8919-66106c6ec8e4	f9df5f34-0383-4209-bf3d-91ff286b3ee5
2	2023-06-15 15:01:00.020362	2023-06-15 15:01:00.020362	2f265b51-cbdd-4b3f-8919-66106c6ec8e4	0fdfed73-88e5-4176-bab3-2a5a34d5c859
3	2023-06-15 15:01:00.559164	2023-06-15 15:01:00.559164	095e0fc0-9e69-44a3-8a15-cdf2b8a5a4ce	f755d6ba-aefa-41c7-ad65-acf9cef842dc
4	2023-06-15 15:01:00.569263	2023-06-15 15:01:00.569263	095e0fc0-9e69-44a3-8a15-cdf2b8a5a4ce	1eb9bb17-7ae9-4af7-b9be-e83a56df69ba
5	2023-06-15 15:01:00.578215	2023-06-15 15:01:00.578215	095e0fc0-9e69-44a3-8a15-cdf2b8a5a4ce	3797265f-c5c9-4bac-b001-86e3eb6c9a75
6	2023-06-15 15:01:00.587068	2023-06-15 15:01:00.587068	c7876561-bfea-4ea0-96d3-51794acf1239	d119cf69-f882-47e6-9ed6-566b6a0d92aa
7	2023-06-15 15:01:00.596179	2023-06-15 15:01:00.596179	095e0fc0-9e69-44a3-8a15-cdf2b8a5a4ce	c4e230ad-c3c9-43f1-88bb-43a35f1c4a2f
8	2023-06-15 15:01:00.607654	2023-06-15 15:01:00.607654	095e0fc0-9e69-44a3-8a15-cdf2b8a5a4ce	49d9cd57-9449-4803-9365-6c76434988ae
9	2023-06-15 15:01:00.616866	2023-06-15 15:01:00.616866	095e0fc0-9e69-44a3-8a15-cdf2b8a5a4ce	e3e81c34-0e40-4bb3-b353-3591ac8e4bd9
10	2023-06-15 15:01:00.625718	2023-06-15 15:01:00.625718	c7876561-bfea-4ea0-96d3-51794acf1239	e9a4e981-952b-4342-8674-a96b8b024074
11	2023-06-15 15:01:00.635193	2023-06-15 15:01:00.635193	095e0fc0-9e69-44a3-8a15-cdf2b8a5a4ce	1ee86da5-6e66-420d-a58f-d935982379a9
12	2023-06-15 15:01:00.646296	2023-06-15 15:01:00.646296	095e0fc0-9e69-44a3-8a15-cdf2b8a5a4ce	e44526cd-7fe2-4edc-b8bb-69e04ef8b798
13	2023-06-15 15:01:00.6546	2023-06-15 15:01:00.6546	c7876561-bfea-4ea0-96d3-51794acf1239	a1b0e59b-94ba-4125-b5b3-96908c3f545c
14	2023-06-15 15:01:00.665158	2023-06-15 15:01:00.665158	095e0fc0-9e69-44a3-8a15-cdf2b8a5a4ce	387c8bdb-37d6-4701-8cde-584c95276575
15	2023-06-15 15:01:00.665158	2023-06-15 15:01:00.665158	c7876561-bfea-4ea0-96d3-51794acf1239	387c8bdb-37d6-4701-8cde-584c95276575
16	2023-06-15 15:01:01.543724	2023-06-15 15:01:01.543724	a621af01-9fa7-439b-98c5-7f9b4b08a7b3	b047547a-056b-4e34-8cfd-ddf66e58fd36
\.


--
-- Data for Name: member_is_to_group; Type: TABLE DATA; Schema: public; Owner: sven
--

COPY public.member_is_to_group (id, created_at, updated_at, source_member_id, target_group_id, role) FROM stdin;
1	2023-06-15 15:01:00.536217	2023-06-15 15:01:00.536217	e998dc07-8a61-4d2f-a088-5daeff41576c	095e0fc0-9e69-44a3-8a15-cdf2b8a5a4ce	responsible
2	2023-06-15 15:01:00.536217	2023-06-15 15:01:00.536217	60055897-3df5-43db-aa6e-83d6d88bdb66	095e0fc0-9e69-44a3-8a15-cdf2b8a5a4ce	responsible
3	2023-06-15 15:01:00.536217	2023-06-15 15:01:00.536217	d08f02c0-a606-4668-ada8-26e046b5d283	095e0fc0-9e69-44a3-8a15-cdf2b8a5a4ce	responsible
4	2023-06-15 15:01:00.549331	2023-06-15 15:01:00.549331	e998dc07-8a61-4d2f-a088-5daeff41576c	c7876561-bfea-4ea0-96d3-51794acf1239	responsible
5	2023-06-15 15:01:00.549331	2023-06-15 15:01:00.549331	60055897-3df5-43db-aa6e-83d6d88bdb66	c7876561-bfea-4ea0-96d3-51794acf1239	responsible
6	2023-06-15 15:01:00.679172	2023-06-15 15:01:00.679172	09acc9d2-aad0-4b48-ac25-47dfeaf53b19	095e0fc0-9e69-44a3-8a15-cdf2b8a5a4ce	participant
7	2023-06-15 15:01:00.685688	2023-06-15 15:01:00.685688	41af2281-05a9-454f-b6af-e360a78de5da	095e0fc0-9e69-44a3-8a15-cdf2b8a5a4ce	participant
8	2023-06-15 15:01:00.691697	2023-06-15 15:01:00.691697	e2700e81-e19b-4008-9293-497c46b8eae8	095e0fc0-9e69-44a3-8a15-cdf2b8a5a4ce	participant
9	2023-06-15 15:01:00.697409	2023-06-15 15:01:00.697409	2e60626b-6775-49d4-91d1-f2729644db76	095e0fc0-9e69-44a3-8a15-cdf2b8a5a4ce	participant
10	2023-06-15 15:01:00.703767	2023-06-15 15:01:00.703767	722f0036-f838-4432-bdaa-1c0d6e2a7fbc	095e0fc0-9e69-44a3-8a15-cdf2b8a5a4ce	participant
11	2023-06-15 15:01:00.709522	2023-06-15 15:01:00.709522	feedd780-db8c-415f-b580-2cde6c81f842	095e0fc0-9e69-44a3-8a15-cdf2b8a5a4ce	participant
12	2023-06-15 15:01:00.715291	2023-06-15 15:01:00.715291	d38687fe-0dc7-42dc-b104-b18634f3f072	095e0fc0-9e69-44a3-8a15-cdf2b8a5a4ce	participant
13	2023-06-15 15:01:00.72085	2023-06-15 15:01:00.72085	c42590da-622e-465a-9b1b-0d63955f0ae3	095e0fc0-9e69-44a3-8a15-cdf2b8a5a4ce	participant
14	2023-06-15 15:01:00.726542	2023-06-15 15:01:00.726542	20ca6c20-6c96-4f9e-b905-5f6308a1f236	095e0fc0-9e69-44a3-8a15-cdf2b8a5a4ce	participant
15	2023-06-15 15:01:00.732117	2023-06-15 15:01:00.732117	9ea4456d-ab5b-4998-a5a5-a8ccfee4e05d	095e0fc0-9e69-44a3-8a15-cdf2b8a5a4ce	participant
16	2023-06-15 15:01:00.737672	2023-06-15 15:01:00.737672	d045fa08-de58-442c-a3cf-008538faef67	095e0fc0-9e69-44a3-8a15-cdf2b8a5a4ce	participant
17	2023-06-15 15:01:00.743294	2023-06-15 15:01:00.743294	7addef6c-7526-47c2-9347-a50e10dbfcc9	095e0fc0-9e69-44a3-8a15-cdf2b8a5a4ce	participant
18	2023-06-15 15:01:00.748826	2023-06-15 15:01:00.748826	2642cf35-0d0e-4c5e-81fb-fece63f234a6	095e0fc0-9e69-44a3-8a15-cdf2b8a5a4ce	participant
19	2023-06-15 15:01:00.754258	2023-06-15 15:01:00.754258	bf5ad1a8-0e74-41e6-b4fb-80c377315e84	095e0fc0-9e69-44a3-8a15-cdf2b8a5a4ce	participant
20	2023-06-15 15:01:00.759924	2023-06-15 15:01:00.759924	d60083df-97b9-43c4-8cd9-992c0969f521	095e0fc0-9e69-44a3-8a15-cdf2b8a5a4ce	participant
21	2023-06-15 15:01:00.765401	2023-06-15 15:01:00.765401	320b3278-6162-4273-b079-64b15613a1b8	095e0fc0-9e69-44a3-8a15-cdf2b8a5a4ce	participant
22	2023-06-15 15:01:00.770892	2023-06-15 15:01:00.770892	3a46ed3a-94bc-4607-a230-e0e54660d52a	095e0fc0-9e69-44a3-8a15-cdf2b8a5a4ce	participant
23	2023-06-15 15:01:00.776519	2023-06-15 15:01:00.776519	129de46c-d58e-490b-a9f4-fa9d0d397b23	095e0fc0-9e69-44a3-8a15-cdf2b8a5a4ce	participant
24	2023-06-15 15:01:00.782063	2023-06-15 15:01:00.782063	5da65e9d-c816-43db-97db-af6ea3db0ad5	095e0fc0-9e69-44a3-8a15-cdf2b8a5a4ce	participant
25	2023-06-15 15:01:00.787582	2023-06-15 15:01:00.787582	3f4bd45d-e162-44b9-9914-67dfd7a01697	095e0fc0-9e69-44a3-8a15-cdf2b8a5a4ce	participant
26	2023-06-15 15:01:00.79312	2023-06-15 15:01:00.79312	08ab839e-1a7b-4e55-98a7-5523a1d3af52	c7876561-bfea-4ea0-96d3-51794acf1239	participant
27	2023-06-15 15:01:00.79858	2023-06-15 15:01:00.79858	c36338f5-fcdb-42a7-b1c7-628188becc6f	c7876561-bfea-4ea0-96d3-51794acf1239	participant
28	2023-06-15 15:01:00.804092	2023-06-15 15:01:00.804092	27f47924-6cb1-47a5-9d88-ae38a86cc32c	c7876561-bfea-4ea0-96d3-51794acf1239	participant
29	2023-06-15 15:01:00.809542	2023-06-15 15:01:00.809542	6f7eb138-3fc8-43ca-bbea-024cd4bb45c0	c7876561-bfea-4ea0-96d3-51794acf1239	participant
30	2023-06-15 15:01:00.815221	2023-06-15 15:01:00.815221	d56cd1d0-bc6e-489a-907b-cb42ef7c037b	c7876561-bfea-4ea0-96d3-51794acf1239	participant
31	2023-06-15 15:01:00.821169	2023-06-15 15:01:00.821169	01922047-44b3-43cb-a0b7-235e938e303f	c7876561-bfea-4ea0-96d3-51794acf1239	participant
32	2023-06-15 15:01:00.827101	2023-06-15 15:01:00.827101	025dac20-bf55-406f-a8ca-35f524873f0c	c7876561-bfea-4ea0-96d3-51794acf1239	participant
33	2023-06-15 15:01:00.833133	2023-06-15 15:01:00.833133	4e2d7981-26a2-4473-808c-829392b2211b	c7876561-bfea-4ea0-96d3-51794acf1239	participant
34	2023-06-15 15:01:00.83867	2023-06-15 15:01:00.83867	5d021ea9-8668-4589-a6b2-6b684c5b810b	c7876561-bfea-4ea0-96d3-51794acf1239	participant
35	2023-06-15 15:01:00.844228	2023-06-15 15:01:00.844228	90c6b1ec-b3c4-4b20-93e6-7f16a7cfbbc2	c7876561-bfea-4ea0-96d3-51794acf1239	participant
36	2023-06-15 15:01:00.849629	2023-06-15 15:01:00.849629	94376afa-232c-4b57-9d67-6f6054a64bf2	c7876561-bfea-4ea0-96d3-51794acf1239	participant
37	2023-06-15 15:01:00.855175	2023-06-15 15:01:00.855175	9bfb9dee-87a6-4d8b-a13f-1ca4ac76f4da	c7876561-bfea-4ea0-96d3-51794acf1239	participant
38	2023-06-15 15:01:00.860657	2023-06-15 15:01:00.860657	63434a68-cb38-4859-a4bb-2d4c2668a8f5	c7876561-bfea-4ea0-96d3-51794acf1239	participant
39	2023-06-15 15:01:00.866101	2023-06-15 15:01:00.866101	88ccb3f9-add9-4be2-a7a8-ca9500863487	c7876561-bfea-4ea0-96d3-51794acf1239	participant
40	2023-06-15 15:01:00.87161	2023-06-15 15:01:00.87161	4bae4060-40dc-4e7a-9610-76fb40ef6831	c7876561-bfea-4ea0-96d3-51794acf1239	participant
41	2023-06-15 15:01:00.877093	2023-06-15 15:01:00.877093	29f7f00d-8675-4dcd-99bf-f4ac1a1f6672	c7876561-bfea-4ea0-96d3-51794acf1239	participant
42	2023-06-15 15:01:00.882678	2023-06-15 15:01:00.882678	d3422d29-fe9b-41d9-8b39-0a07f80eb0cf	c7876561-bfea-4ea0-96d3-51794acf1239	participant
43	2023-06-15 15:01:00.888235	2023-06-15 15:01:00.888235	427376c9-7828-4e44-9831-ef42b64dfa7f	c7876561-bfea-4ea0-96d3-51794acf1239	participant
44	2023-06-15 15:01:00.893597	2023-06-15 15:01:00.893597	da9baebb-8ce3-490e-ac26-2188f937a662	c7876561-bfea-4ea0-96d3-51794acf1239	participant
45	2023-06-15 15:01:00.899221	2023-06-15 15:01:00.899221	ba18f798-72be-40af-8bec-14969eaddec3	c7876561-bfea-4ea0-96d3-51794acf1239	participant
46	2023-06-15 15:01:00.904727	2023-06-15 15:01:00.904727	99a9e09e-4ed1-430e-a448-81911ffb8e8a	c7876561-bfea-4ea0-96d3-51794acf1239	participant
47	2023-06-15 15:01:01.255582	2023-06-15 15:01:01.255582	3b998d78-8a28-4115-8eec-2b14ef74e253	9bf4d667-52e0-4975-b4ff-ec4a9c2dd9a6	responsible
48	2023-06-15 15:01:01.255582	2023-06-15 15:01:01.255582	86fd92f4-ae69-45f7-b661-dc9a9091504a	9bf4d667-52e0-4975-b4ff-ec4a9c2dd9a6	responsible
49	2023-06-15 15:01:01.255582	2023-06-15 15:01:01.255582	1b9a83fe-f2e9-4c6b-aa90-4f29c8ad3427	9bf4d667-52e0-4975-b4ff-ec4a9c2dd9a6	participant
50	2023-06-15 15:01:01.255582	2023-06-15 15:01:01.255582	59a5bfc8-4781-40cc-82a6-c4b21c7585ac	9bf4d667-52e0-4975-b4ff-ec4a9c2dd9a6	participant
51	2023-06-15 15:01:01.255582	2023-06-15 15:01:01.255582	c97a0856-6300-42ab-925e-7e8b48ad899f	9bf4d667-52e0-4975-b4ff-ec4a9c2dd9a6	participant
52	2023-06-15 15:01:01.518697	2023-06-15 15:01:01.518697	6810a92a-a0aa-4a67-a88a-329029478138	a621af01-9fa7-439b-98c5-7f9b4b08a7b3	responsible
53	2023-06-15 15:01:01.518697	2023-06-15 15:01:01.518697	e4ac1840-bd8b-43a9-89e0-3ade2f5d3774	a621af01-9fa7-439b-98c5-7f9b4b08a7b3	responsible
54	2023-06-15 15:01:01.518697	2023-06-15 15:01:01.518697	e22e5796-686b-48d7-bf65-369fd1b40091	a621af01-9fa7-439b-98c5-7f9b4b08a7b3	participant
55	2023-06-15 15:01:01.518697	2023-06-15 15:01:01.518697	4f3e067f-8292-4e6f-a7a3-66f9ff4ffa0f	a621af01-9fa7-439b-98c5-7f9b4b08a7b3	participant
56	2023-06-15 15:01:01.518697	2023-06-15 15:01:01.518697	934e04cb-8846-4c27-a844-ea3dd36aa650	a621af01-9fa7-439b-98c5-7f9b4b08a7b3	participant
\.


--
-- Data for Name: member_is_to_happening; Type: TABLE DATA; Schema: public; Owner: sven
--

COPY public.member_is_to_happening (id, created_at, updated_at, source_member_id, target_happening_id, role) FROM stdin;
1	2023-06-15 15:01:00.164732	2023-06-15 15:01:00.164732	e998dc07-8a61-4d2f-a088-5daeff41576c	f9df5f34-0383-4209-bf3d-91ff286b3ee5	responsible
2	2023-06-15 15:01:00.164732	2023-06-15 15:01:00.164732	e998dc07-8a61-4d2f-a088-5daeff41576c	0fdfed73-88e5-4176-bab3-2a5a34d5c859	responsible
3	2023-06-15 15:01:00.559164	2023-06-15 15:01:00.559164	e998dc07-8a61-4d2f-a088-5daeff41576c	f755d6ba-aefa-41c7-ad65-acf9cef842dc	responsible
4	2023-06-15 15:01:00.569263	2023-06-15 15:01:00.569263	60055897-3df5-43db-aa6e-83d6d88bdb66	1eb9bb17-7ae9-4af7-b9be-e83a56df69ba	responsible
5	2023-06-15 15:01:00.578215	2023-06-15 15:01:00.578215	d08f02c0-a606-4668-ada8-26e046b5d283	3797265f-c5c9-4bac-b001-86e3eb6c9a75	responsible
6	2023-06-15 15:01:00.587068	2023-06-15 15:01:00.587068	0aa313db-7f9d-4968-a0cb-a7098139ef38	d119cf69-f882-47e6-9ed6-566b6a0d92aa	responsible
7	2023-06-15 15:01:00.596179	2023-06-15 15:01:00.596179	e998dc07-8a61-4d2f-a088-5daeff41576c	c4e230ad-c3c9-43f1-88bb-43a35f1c4a2f	responsible
8	2023-06-15 15:01:00.596179	2023-06-15 15:01:00.596179	60055897-3df5-43db-aa6e-83d6d88bdb66	c4e230ad-c3c9-43f1-88bb-43a35f1c4a2f	responsible
9	2023-06-15 15:01:00.607654	2023-06-15 15:01:00.607654	d08f02c0-a606-4668-ada8-26e046b5d283	49d9cd57-9449-4803-9365-6c76434988ae	responsible
10	2023-06-15 15:01:00.616866	2023-06-15 15:01:00.616866	0aa313db-7f9d-4968-a0cb-a7098139ef38	e3e81c34-0e40-4bb3-b353-3591ac8e4bd9	responsible
11	2023-06-15 15:01:00.625718	2023-06-15 15:01:00.625718	15154deb-7416-433b-b390-2d034e16ec7a	e9a4e981-952b-4342-8674-a96b8b024074	responsible
12	2023-06-15 15:01:00.635193	2023-06-15 15:01:00.635193	e998dc07-8a61-4d2f-a088-5daeff41576c	1ee86da5-6e66-420d-a58f-d935982379a9	responsible
13	2023-06-15 15:01:00.635193	2023-06-15 15:01:00.635193	60055897-3df5-43db-aa6e-83d6d88bdb66	1ee86da5-6e66-420d-a58f-d935982379a9	responsible
14	2023-06-15 15:01:00.646296	2023-06-15 15:01:00.646296	d08f02c0-a606-4668-ada8-26e046b5d283	e44526cd-7fe2-4edc-b8bb-69e04ef8b798	responsible
15	2023-06-15 15:01:00.6546	2023-06-15 15:01:00.6546	0aa313db-7f9d-4968-a0cb-a7098139ef38	a1b0e59b-94ba-4125-b5b3-96908c3f545c	responsible
16	2023-06-15 15:01:00.6546	2023-06-15 15:01:00.6546	15154deb-7416-433b-b390-2d034e16ec7a	a1b0e59b-94ba-4125-b5b3-96908c3f545c	responsible
17	2023-06-15 15:01:00.665158	2023-06-15 15:01:00.665158	e998dc07-8a61-4d2f-a088-5daeff41576c	387c8bdb-37d6-4701-8cde-584c95276575	responsible
18	2023-06-15 15:01:00.665158	2023-06-15 15:01:00.665158	60055897-3df5-43db-aa6e-83d6d88bdb66	387c8bdb-37d6-4701-8cde-584c95276575	responsible
19	2023-06-15 15:01:00.665158	2023-06-15 15:01:00.665158	d08f02c0-a606-4668-ada8-26e046b5d283	387c8bdb-37d6-4701-8cde-584c95276575	responsible
20	2023-06-15 15:01:01.543724	2023-06-15 15:01:01.543724	6810a92a-a0aa-4a67-a88a-329029478138	b047547a-056b-4e34-8cfd-ddf66e58fd36	responsible
21	2023-06-15 15:01:01.543724	2023-06-15 15:01:01.543724	e4ac1840-bd8b-43a9-89e0-3ade2f5d3774	b047547a-056b-4e34-8cfd-ddf66e58fd36	responsible
22	2023-06-15 15:01:01.543724	2023-06-15 15:01:01.543724	e22e5796-686b-48d7-bf65-369fd1b40091	b047547a-056b-4e34-8cfd-ddf66e58fd36	participant
23	2023-06-15 15:01:01.543724	2023-06-15 15:01:01.543724	4f3e067f-8292-4e6f-a7a3-66f9ff4ffa0f	b047547a-056b-4e34-8cfd-ddf66e58fd36	participant
24	2023-06-15 15:01:01.543724	2023-06-15 15:01:01.543724	934e04cb-8846-4c27-a844-ea3dd36aa650	b047547a-056b-4e34-8cfd-ddf66e58fd36	participant
\.


--
-- Data for Name: member_is_to_member; Type: TABLE DATA; Schema: public; Owner: sven
--

COPY public.member_is_to_member (id, created_at, updated_at, source_member_id, target_member_id, role) FROM stdin;
\.


--
-- Data for Name: notes; Type: TABLE DATA; Schema: public; Owner: sven
--

COPY public.notes (id, created_at, updated_at, note, author_member_id, member_notes_list_id) FROM stdin;
\.


--
-- Data for Name: seaql_migrations; Type: TABLE DATA; Schema: public; Owner: sven
--

COPY public.seaql_migrations (version, applied_at) FROM stdin;
m20220101_000001_create_table	1686841259
\.


--
-- Name: absents_member_notes_list_id_seq; Type: SEQUENCE SET; Schema: public; Owner: sven
--

SELECT pg_catalog.setval('public.absents_member_notes_list_id_seq', 1, false);


--
-- Name: check_in_out_id_seq; Type: SEQUENCE SET; Schema: public; Owner: sven
--

SELECT pg_catalog.setval('public.check_in_out_id_seq', 1, false);


--
-- Name: contact_id_seq; Type: SEQUENCE SET; Schema: public; Owner: sven
--

SELECT pg_catalog.setval('public.contact_id_seq', 1, false);


--
-- Name: groups_happenings_id_seq; Type: SEQUENCE SET; Schema: public; Owner: sven
--

SELECT pg_catalog.setval('public.groups_happenings_id_seq', 16, true);


--
-- Name: member_is_to_group_id_seq; Type: SEQUENCE SET; Schema: public; Owner: sven
--

SELECT pg_catalog.setval('public.member_is_to_group_id_seq', 56, true);


--
-- Name: member_is_to_happening_id_seq; Type: SEQUENCE SET; Schema: public; Owner: sven
--

SELECT pg_catalog.setval('public.member_is_to_happening_id_seq', 24, true);


--
-- Name: member_is_to_member_id_seq; Type: SEQUENCE SET; Schema: public; Owner: sven
--

SELECT pg_catalog.setval('public.member_is_to_member_id_seq', 1, false);


--
-- Name: member_notes_list_id_seq; Type: SEQUENCE SET; Schema: public; Owner: sven
--

SELECT pg_catalog.setval('public.member_notes_list_id_seq', 1, false);


--
-- Name: notes_id_seq; Type: SEQUENCE SET; Schema: public; Owner: sven
--

SELECT pg_catalog.setval('public.notes_id_seq', 1, false);


--
-- Name: notes_member_notes_list_id_seq; Type: SEQUENCE SET; Schema: public; Owner: sven
--

SELECT pg_catalog.setval('public.notes_member_notes_list_id_seq', 1, false);


--
-- PostgreSQL database dump complete
--

