--
-- PostgreSQL database dump
--

-- Dumped from database version 14.8 (Ubuntu 14.8-0ubuntu0.22.04.1)
-- Dumped by pg_dump version 14.8 (Ubuntu 14.8-0ubuntu0.22.04.1)

SET statement_timeout = 0;
SET lock_timeout = 0;
SET idle_in_transaction_session_timeout = 0;
SET client_encoding = 'UTF8';
SET standard_conforming_strings = on;
SELECT pg_catalog.set_config('search_path', '', false);
SET check_function_bodies = false;
SET xmloption = content;
SET client_min_messages = warning;
SET row_security = off;

--
-- Data for Name: members; Type: TABLE DATA; Schema: public; Owner: sven
--

COPY public.members (id, created_at, updated_at, first_name, last_name, keycloak_id) FROM stdin;
57384a7f-703c-49df-ba42-edbbace04578	2023-06-18 11:45:36.79324	2023-06-18 11:45:36.79324	Test	Seki01	1115cbc8-cbb7-4250-ab00-2e2003a58f5b
a22b7078-f9c3-4145-824e-465ad3a10ee7	2023-06-18 11:45:36.802726	2023-06-18 11:45:36.802726	Test	User001	d26a3222-3c06-4d75-9f01-9b1c2a3d9e4f
e62a13d3-4aae-4797-87ac-15fd1faf7dd3	2023-06-18 11:45:36.827352	2023-06-18 11:45:36.827352	Jayme	Payze	10e2e040-c8e6-4049-9589-a7956acb4b40
c2729bb0-621e-4368-b156-c9e8eb5abaf2	2023-06-18 11:45:36.833363	2023-06-18 11:45:36.833363	Lucie	Havenhand	2179f770-e6ae-4eb9-a268-f11efec1d735
8afcc3df-2463-42d5-9d87-4854a9db785e	2023-06-18 11:45:36.843961	2023-06-18 11:45:36.843961	Dredi	Bende	32a60644-1933-49b2-a713-cf48b4ea3c20
0082fb8c-f5b9-4d17-bad2-ae13d532d03b	2023-06-18 11:45:36.852251	2023-06-18 11:45:36.852251	Kaitlin	Ackenson	510c1dd7-8816-484c-b598-19a6cc973069
f80472b3-ae8d-4c26-89d7-97ff30b644a3	2023-06-18 11:45:36.819063	2023-06-18 11:45:37.409457	Alick	McBeth	331dac72-9e2e-4677-a3fb-8cca168642be
16dd1168-4057-4ffa-bebd-3ad9c618525c	2023-06-18 11:45:38.819223	2023-06-18 11:45:38.819223	Thane	Jacqueminot	\N
bfd590e1-e476-4f76-b81b-9d982e665b8b	2023-06-18 11:45:38.828251	2023-06-18 11:45:38.828251	Halley	Dewhurst	\N
d06bd1f9-fb05-43dd-841b-ffb5f1f19e12	2023-06-18 11:45:38.84827	2023-06-18 11:45:38.84827	Langston	Sackes	\N
dacfb0aa-a96d-471a-ac31-086b180a256f	2023-06-18 11:45:38.857725	2023-06-18 11:45:38.857725	Bethina	Greenly	\N
1e858d76-ed8f-4cdb-83f8-f033db66d67f	2023-06-18 11:45:38.86988	2023-06-18 11:45:38.86988	Andris	Speddin	\N
98af4b44-4452-46c2-a907-3658ba57cb4c	2023-06-18 11:45:38.884267	2023-06-18 11:45:38.884267	Duff	Harback	\N
9aed7e4b-a85f-4a8d-9d7a-6c47dc822ea8	2023-06-18 11:45:38.894551	2023-06-18 11:45:38.894551	Tildi	Crockley	\N
8807582a-67aa-4147-b406-d4f20bfbbf90	2023-06-18 11:45:38.905822	2023-06-18 11:45:38.905822	Haze	Lawrie	\N
fd4ff8f9-6f11-4f94-9836-cb9b47e52d0c	2023-06-18 11:45:38.91999	2023-06-18 11:45:38.91999	Dennie	Coatts	\N
ed740919-ee7c-4838-a2a8-7fc4f5c7f3c3	2023-06-18 11:45:38.931816	2023-06-18 11:45:38.931816	Georgina	Starrs	\N
f7ef01b1-844c-4b7a-ac55-40f477e71f09	2023-06-18 11:45:38.942226	2023-06-18 11:45:38.942226	Gayle	Mardy	\N
192edce4-f935-495c-ba25-2a738b83e050	2023-06-18 11:45:38.954515	2023-06-18 11:45:38.954515	Dieter	Wogden	\N
d72fbd0d-3fe9-48e6-8879-4ed322ae98b5	2023-06-18 11:45:38.966503	2023-06-18 11:45:38.966503	Katerina	Hamprecht	\N
d3f282c0-df6e-466f-b31f-24e8af21df80	2023-06-18 11:45:38.981846	2023-06-18 11:45:38.981846	Krystle	Liddall	\N
ce99cee1-9c5f-484a-801e-dd17ec97d8f3	2023-06-18 11:45:38.989219	2023-06-18 11:45:38.989219	Mohandas	Cruttenden	\N
1ce2aa87-b10d-4540-be0d-4f559d24d7bf	2023-06-18 11:45:38.997838	2023-06-18 11:45:38.997838	Alair	Moizer	\N
8588dbe6-aa39-48c3-9353-fdf8e0498ac0	2023-06-18 11:45:39.007486	2023-06-18 11:45:39.007486	Tate	Zorzutti	\N
fc15b833-77f3-41b0-9bb3-4c3af12a6354	2023-06-18 11:45:39.02145	2023-06-18 11:45:39.02145	Paulita	Macallam	\N
f894fa95-ecba-407f-b527-f00480441196	2023-06-18 11:45:39.029672	2023-06-18 11:45:39.029672	Oralle	Mote	\N
6562ea3f-25e2-497e-934a-dae067937f69	2023-06-18 11:45:39.042329	2023-06-18 11:45:39.042329	Jacobo	Brockie	\N
8725a360-5881-4126-a4fa-bdaa935b7779	2023-06-18 11:45:39.054527	2023-06-18 11:45:39.054527	Mord	Strike	\N
47a2ea05-1e0e-4bad-b2a0-3026e21c6bc9	2023-06-18 11:45:39.063721	2023-06-18 11:45:39.063721	Emmye	Ivanshintsev	\N
c9d8e81c-1a2b-4596-a6e3-aec4304dd491	2023-06-18 11:45:39.075112	2023-06-18 11:45:39.075112	Nixie	Halloran	\N
4f74e115-3e8d-481d-8525-c1a94cb9f177	2023-06-18 11:45:39.087262	2023-06-18 11:45:39.087262	Gaultiero	Learmount	\N
adc2ac7a-6d49-43e6-b1a2-81069afd8302	2023-06-18 11:45:39.099879	2023-06-18 11:45:39.099879	Karrie	Greenham	\N
2d76faf7-c156-4518-8327-daead9b94f07	2023-06-18 11:45:39.10935	2023-06-18 11:45:39.10935	Fionnula	Scorah	\N
3070e967-4451-4250-9f67-e49b4c65c694	2023-06-18 11:45:39.118499	2023-06-18 11:45:39.118499	Bartlet	Jonah	\N
239677a5-a2a5-4a4f-b3a1-6b180e841525	2023-06-18 11:45:39.131787	2023-06-18 11:45:39.131787	Norene	Marques	\N
8264b75c-6273-4d80-9c3a-67ebd163c3a7	2023-06-18 11:45:39.141507	2023-06-18 11:45:39.141507	De witt	Bramwich	\N
e8634a05-bbc7-4436-aef9-5c18bfad7705	2023-06-18 11:45:39.15061	2023-06-18 11:45:39.15061	Chadwick	Keggin	\N
506fe4ed-9e5a-485e-a780-42d4fa17fcfa	2023-06-18 11:45:39.166312	2023-06-18 11:45:39.166312	Zebulon	Neilus	\N
24783891-374f-41c2-b81b-4b7294b11c8d	2023-06-18 11:45:39.176211	2023-06-18 11:45:39.176211	Allayne	Strattan	\N
69dba276-2d76-4ade-8026-5c3c48d1e98b	2023-06-18 11:45:39.188219	2023-06-18 11:45:39.188219	Nariko	Giggs	\N
fcebcd3e-cdeb-4286-b673-eaf52e4d0d08	2023-06-18 11:45:39.197839	2023-06-18 11:45:39.197839	Ragnar	Boate	\N
4e7dcb7d-1329-49e2-9ff3-222700907d99	2023-06-18 11:45:39.204603	2023-06-18 11:45:39.204603	Aundrea	Wride	\N
846e040a-1e54-4d8d-8bd9-c476cb8d5491	2023-06-18 11:45:39.219963	2023-06-18 11:45:39.219963	Joey	Strewthers	\N
ed379fb7-02a8-44a2-a858-b94dab036521	2023-06-18 11:45:39.229865	2023-06-18 11:45:39.229865	Charlotte	Rosterne	\N
4b1ca435-5318-4bcf-b7f0-e0bbf36878d9	2023-06-18 11:45:39.238879	2023-06-18 11:45:39.238879	Robina	Banes	\N
7b9d0dab-9670-4d08-9cfc-49d48b07f733	2023-06-18 11:45:39.255443	2023-06-18 11:45:39.255443	Farleigh	Giovannelli	\N
a9e5ae80-02e4-4724-b54c-8440c9fa8a53	2023-06-18 11:45:39.265976	2023-06-18 11:45:39.265976	Margy	Todarini	\N
17eedd7d-72f2-4ede-9482-ef4e681c7ef8	2023-06-18 11:45:39.281091	2023-06-18 11:45:39.281091	Webb	Louder	\N
0a9a8519-6e65-4ee6-8bca-da911fcd9a5f	2023-06-18 11:45:39.290041	2023-06-18 11:45:39.290041	Camella	Staterfield	\N
b6be1ce7-7f95-47be-a7a6-021140faf00a	2023-06-18 11:45:39.301876	2023-06-18 11:45:39.301876	Lilias	Cavey	\N
ae5a5302-28e9-4940-8e28-ff5b80fe514f	2023-06-18 11:45:39.309611	2023-06-18 11:45:39.309611	Elia	Pawlicki	\N
86ce26b0-4ba1-4a34-984d-d77c9c614a2d	2023-06-18 11:45:39.317233	2023-06-18 11:45:39.317233	Ailene	Teresse	\N
665045c2-7f1e-4ad8-8490-5fed923b5a81	2023-06-18 11:45:39.327628	2023-06-18 11:45:39.327628	Serene	Ellens	\N
df6e248a-4b99-4b1f-8840-94e4fbea9268	2023-06-18 11:45:39.336774	2023-06-18 11:45:39.336774	Ashleigh	Cottee	\N
74c3ed6f-57e7-4404-b79f-b10158c6c24a	2023-06-18 11:45:39.345402	2023-06-18 11:45:39.345402	Hephzibah	Curuclis	\N
094a10f1-1128-4a68-a0fc-64aeeca7c5d4	2023-06-18 11:45:39.351084	2023-06-18 11:45:39.351084	Remus	Brownsword	\N
ebbbe16c-aad2-4bd1-9792-1955670e3cfa	2023-06-18 11:45:39.360759	2023-06-18 11:45:39.360759	Myles	Clac	\N
b0dbe154-ac0a-4c2e-8359-d86762887248	2023-06-18 11:45:39.370395	2023-06-18 11:45:39.370395	Wilbur	Paternoster	\N
99c8b5fa-58c5-4c9d-b2c7-c6467eeb196a	2023-06-18 11:45:39.383154	2023-06-18 11:45:39.383154	Modesta	Dewes	\N
bde1cbbd-719e-4c18-9b2e-66ce0a47e612	2023-06-18 11:45:39.389496	2023-06-18 11:45:39.389496	Wally	Sandom	\N
6e958f7d-49a1-45ef-b4ab-acc683f3d5cc	2023-06-18 11:45:39.396637	2023-06-18 11:45:39.396637	Carlin	Ivashinnikov	\N
1c74289e-d10b-4813-8a5e-ee56a9014a3f	2023-06-18 11:45:39.402206	2023-06-18 11:45:39.402206	Bradney	Lenney	\N
6df73f03-6541-4a1f-a15a-9c953605de77	2023-06-18 11:45:39.414869	2023-06-18 11:45:39.414869	Hurley	Titterington	\N
1dced816-e38e-47b3-8d80-468fd922842f	2023-06-18 11:45:39.424796	2023-06-18 11:45:39.424796	Adrienne	Nutter	\N
487a880c-9c55-4ad8-acc7-4c433a8b780b	2023-06-18 11:45:39.431535	2023-06-18 11:45:39.431535	Mellie	Tafani	\N
bf8e31fb-ea74-4f53-8ef3-0b17d890a8f8	2023-06-18 11:45:39.438402	2023-06-18 11:45:39.438402	Bartholomew	Hoy	\N
d3c261e8-2b10-48ee-ad71-08dc1824dd9e	2023-06-18 11:45:39.450315	2023-06-18 11:45:39.450315	Deeann	Hexum	\N
01aa93d8-8bb6-4fd2-85f5-86eb6ee94148	2023-06-18 11:45:39.456176	2023-06-18 11:45:39.456176	Avie	Curner	\N
be518162-0dea-4945-8eb7-bb951ad6f8bd	2023-06-18 11:45:39.466676	2023-06-18 11:45:39.466676	Niels	Mackerness	\N
783a83e9-dc97-436e-829f-71daf2246d47	2023-06-18 11:45:39.475319	2023-06-18 11:45:39.475319	Saw	Tidcombe	\N
1ee68ad8-32bf-43fc-ab58-b5ee7866013a	2023-06-18 11:45:39.481647	2023-06-18 11:45:39.481647	Claybourne	De Ruel	\N
8a550ac5-0f06-4b70-a2be-cc4226c2e782	2023-06-18 11:45:39.48697	2023-06-18 11:45:39.48697	Brendis	Wisedale	\N
af7597ec-1483-4f21-aa18-72f120effb61	2023-06-18 11:45:39.499164	2023-06-18 11:45:39.499164	Noah	Laurencot	\N
64c3d1c5-3ae4-41a5-a499-43194e758bd5	2023-06-18 11:45:39.506314	2023-06-18 11:45:39.506314	Millicent	Cottam	\N
29f5afde-637d-44eb-9185-4a04b142abf4	2023-06-18 11:45:39.513643	2023-06-18 11:45:39.513643	Morgana	Magwood	\N
63542b67-c308-4d99-88db-c6c080cbfcb9	2023-06-18 11:45:39.51961	2023-06-18 11:45:39.51961	Arlen	Lorriman	\N
9990290e-97ac-4700-b7ff-db9ed3f0e2c4	2023-06-18 11:45:39.5319	2023-06-18 11:45:39.5319	Alanah	Firsby	\N
1a8b7b0e-4a1b-477b-810b-77ec1cc5ee1e	2023-06-18 11:45:39.538947	2023-06-18 11:45:39.538947	Raphaela	Newlove	\N
a5776971-56a1-4636-989c-061fe478c4ac	2023-06-18 11:45:39.54618	2023-06-18 11:45:39.54618	Breanne	Keasy	\N
97acb602-60af-4e08-8710-611738b217bc	2023-06-18 11:45:39.551686	2023-06-18 11:45:39.551686	Willem	Detloff	\N
c81ff543-02a3-4d87-870d-22665b58a451	2023-06-18 11:45:39.563395	2023-06-18 11:45:39.563395	Alwyn	Dillinger	\N
e5e35ed3-bb10-4922-b201-55505ff8c99e	2023-06-18 11:45:39.570788	2023-06-18 11:45:39.570788	Rudie	Robe	\N
f1adebc0-1862-4a5b-b15e-2b270b8768ff	2023-06-18 11:45:39.581882	2023-06-18 11:45:39.581882	Hewett	Iacovielli	\N
387c4524-d4de-4628-9fd0-f3c36e14c021	2023-06-18 11:45:39.586761	2023-06-18 11:45:39.586761	Olia	Audiss	\N
4ecc4ee8-aaab-422b-a205-8b041a89b889	2023-06-18 11:45:39.595184	2023-06-18 11:45:39.595184	Herc	Maguire	\N
ae013ab8-a622-43ab-a1b9-4a29f59d7bf4	2023-06-18 11:45:39.600791	2023-06-18 11:45:39.600791	Farrand	Armstead	\N
4bdd8a5d-fe59-4f8d-a360-f2c7ec906a67	2023-06-18 11:45:39.606526	2023-06-18 11:45:39.606526	Pier	Ripper	\N
dbd1d38a-04e2-45ee-a6ed-6ef12a6457a1	2023-06-18 11:45:39.619093	2023-06-18 11:45:39.619093	Timmi	Willmot	\N
ff2bb81f-8fe2-4873-b75e-ee6af652e4dc	2023-06-18 11:45:39.625937	2023-06-18 11:45:39.625937	Simmonds	Ennion	\N
81ecf112-725e-4d0f-a57f-9755dd7d32b3	2023-06-18 11:45:39.63123	2023-06-18 11:45:39.63123	Eziechiele	Balding	\N
b9deb6a7-d11b-4a1d-9b47-c0999190d95b	2023-06-18 11:45:39.637393	2023-06-18 11:45:39.637393	Bess	Kupker	\N
fb2114ab-bf4c-4270-957d-88ca1a7b14af	2023-06-18 11:45:39.64899	2023-06-18 11:45:39.64899	Hurley	Olney	\N
9be30c91-4fa9-469a-971a-311878d706d7	2023-06-18 11:45:39.656057	2023-06-18 11:45:39.656057	Lee	Bourrel	\N
0367c70b-c9c3-40da-9a36-0c3d4d975c0b	2023-06-18 11:45:39.663803	2023-06-18 11:45:39.663803	Scotti	Tertre	\N
279422cf-195d-449d-b353-111c09394aa3	2023-06-18 11:45:39.669682	2023-06-18 11:45:39.669682	Marty	Rust	\N
efcbbe8b-5550-4faf-afdc-127559a378d6	2023-06-18 11:45:39.685636	2023-06-18 11:45:39.685636	Ray	Ropp	\N
6d313b8e-72a5-4963-8c64-9a5d97679d78	2023-06-18 11:45:39.695782	2023-06-18 11:45:39.695782	Jessica	Clench	\N
340a8fdd-942a-4878-97aa-e2d0c2345341	2023-06-18 11:45:39.705074	2023-06-18 11:45:39.705074	Pascale	McPharlain	\N
142268e0-c6ff-4e2e-bb11-fdf2a4227055	2023-06-18 11:45:39.717162	2023-06-18 11:45:39.717162	Rosa	Nisius	\N
350c7f05-3879-4106-ada8-fedc4f416361	2023-06-18 11:45:39.72378	2023-06-18 11:45:39.72378	Carly	Stilwell	\N
c08bc1cc-9a10-4586-b5c2-2ce1336a8821	2023-06-18 11:45:39.734584	2023-06-18 11:45:39.734584	Philippa	Jentzsch	\N
3e0a4d82-0336-4bdc-a929-bd9cd82741c8	2023-06-18 11:45:39.743837	2023-06-18 11:45:39.743837	Hurlee	Cambden	\N
282f279d-03de-4577-a6cf-b224e82e2616	2023-06-18 11:45:39.770002	2023-06-18 11:45:39.770002	Walden	Oliva	\N
c4269e10-9c26-4c7e-a424-ed1c73ae6d8f	2023-06-18 11:45:39.815013	2023-06-18 11:45:39.815013	Baldwin	Dwyer	\N
c2efcee2-729a-48ab-a879-2d720ab81412	2023-06-18 11:45:39.838504	2023-06-18 11:45:39.838504	Morganne	Bartlomieczak	\N
d21a44e5-d7ee-446d-83b4-a2f881973ea9	2023-06-18 11:45:39.866748	2023-06-18 11:45:39.866748	Franzen	Caulder	\N
40c50d1d-0370-41d1-a0e1-dfabcfd831b5	2023-06-18 11:45:39.885689	2023-06-18 11:45:39.885689	Phil	Hoyte	\N
16cc4f67-6e9e-4865-aa12-e74acd307c67	2023-06-18 11:45:39.753562	2023-06-18 11:45:39.753562	Axel	Chestney	\N
b18f4813-7359-495e-b5c3-1db3e8a7a8d6	2023-06-18 11:45:39.787484	2023-06-18 11:45:39.787484	Lamar	Benduhn	\N
498d8d57-0e6a-40c4-8986-5cf61a0d6290	2023-06-18 11:45:39.822055	2023-06-18 11:45:39.822055	Kalina	Loder	\N
95d2c343-283c-4199-81c0-ff1e3a7666c3	2023-06-18 11:45:39.849988	2023-06-18 11:45:39.849988	Nickolaus	Malins	\N
2d00d166-28b4-49c9-91fa-43cae3b67001	2023-06-18 11:45:39.872011	2023-06-18 11:45:39.872011	Christoper	Crowley	\N
a8b4536b-77f5-4811-9bdc-1347863c5a67	2023-06-18 11:45:43.446166	2023-06-18 11:45:43.446166	create_get_update_happening participants	Nr 2	\N
8582c508-11a2-4c8f-ae25-759cb46e5508	2023-06-18 11:45:39.764383	2023-06-18 11:45:39.764383	Alasteir	Loney	\N
d3daedfb-1685-4d8b-8d63-8a865f0fded0	2023-06-18 11:45:39.797309	2023-06-18 11:45:39.797309	Sissy	Hallatt	\N
0e688b56-ab24-4e11-bc3c-293df1449c22	2023-06-18 11:45:39.83074	2023-06-18 11:45:39.83074	Stanleigh	Nelane	\N
8a7c106a-2d9f-40ac-8517-2cdd23ddd8eb	2023-06-18 11:45:39.85549	2023-06-18 11:45:39.85549	Roze	Grinyer	\N
b0b14884-480b-487a-bd4e-25e18974d6d6	2023-06-18 11:45:39.878955	2023-06-18 11:45:39.878955	Martyn	MacRitchie	\N
8c17b487-7b80-48f8-be9d-e537b923b7d4	2023-06-18 11:45:43.16636	2023-06-18 11:45:43.16636	create_get_update_group responsibles	Nr 0	\N
f2ee2538-29f2-4d31-8e3c-9a6b4c55acdf	2023-06-18 11:45:43.173778	2023-06-18 11:45:43.173778	create_get_update_group responsibles	Nr 1	\N
00e65388-717e-475e-b9a5-70e6a5f253f0	2023-06-18 11:45:43.18022	2023-06-18 11:45:43.18022	create_get_update_group participants	Nr 0	\N
7e3f202f-cffa-4cb9-8a48-405f126cec28	2023-06-18 11:45:43.187095	2023-06-18 11:45:43.187095	create_get_update_group participants	Nr 1	\N
65c2ac62-db5f-4806-8891-d544233c1ca4	2023-06-18 11:45:43.19561	2023-06-18 11:45:43.19561	create_get_update_group participants	Nr 2	\N
c121c179-65a5-48ae-aefb-c78bcfe74e40	2023-06-18 11:45:43.412842	2023-06-18 11:45:43.412842	create_get_update_happening responsibles	Nr 0	\N
53e147f2-6cb5-4cc1-b92b-55758118d1b8	2023-06-18 11:45:43.419941	2023-06-18 11:45:43.419941	create_get_update_happening responsibles	Nr 1	\N
89f4c5f0-decb-4a56-9dca-54253535ed47	2023-06-18 11:45:43.430023	2023-06-18 11:45:43.430023	create_get_update_happening participants	Nr 0	\N
eb1ee80e-0078-43ef-a56e-42a970fef41c	2023-06-18 11:45:43.436763	2023-06-18 11:45:43.436763	create_get_update_happening participants	Nr 1	\N
0f42012b-bae8-482b-9b45-a830cb1cce0e	2023-06-18 11:45:43.952715	2023-06-18 11:45:44.013362	create_get	update_member	9bfb1069-d316-42e0-b1b7-f4f94c0acd55
\.


--
-- Data for Name: member_notes_list; Type: TABLE DATA; Schema: public; Owner: sven
--

COPY public.member_notes_list (id, created_at, updated_at, member_id, type) FROM stdin;
\.


--
-- Data for Name: absents; Type: TABLE DATA; Schema: public; Owner: sven
--

COPY public.absents (id, created_at, updated_at, member_id, reason, from_date, until_date, canceled, member_notes_list_id, note) FROM stdin;
333e8daf-b88d-4695-ba24-69c047459d5a	2023-06-18 11:45:40.217596	2023-06-18 11:45:40.217596	f894fa95-ecba-407f-b527-f00480441196	ill	2023-06-19 08:00:00	2023-06-19 18:00:00	f	\N	\N
7c064381-be0d-43c0-856d-526a27891f97	2023-06-18 11:45:40.227998	2023-06-18 11:45:40.227998	6562ea3f-25e2-497e-934a-dae067937f69	ill	2023-06-19 09:00:00	2023-06-19 10:00:00	f	\N	\N
\.


--
-- Data for Name: happenings; Type: TABLE DATA; Schema: public; Owner: sven
--

COPY public.happenings (id, created_at, updated_at, name, props, checked_in_filter) FROM stdin;
9010fc94-fce0-4cbe-9794-e96881661be6	2023-06-18 11:45:37.168015	2023-06-18 11:45:37.168015	Sport	{"to": "2024-01-01T10:00:00Z", "bar": "foo", "foo": "bar", "from": "2024-01-01T08:00:00Z"}	\N
1b48e49e-3de1-4248-b67d-f9dd32e0f565	2023-06-18 11:45:37.182511	2023-06-18 11:45:37.182511	Erdkunde	{"to": "2024-01-01T10:00:00Z", "from": "2024-01-01T09:00:00Z"}	\N
837dda7f-ceca-4743-a82f-7b83f3bcc2a5	2023-06-18 11:45:38.486409	2023-06-18 11:45:38.486409	Mathe LB1	{"to": "2023-06-19T10:00:00Z", "from": "2023-06-19T08:00:00Z"}	\N
304b11b4-2c67-4442-a2ce-567de6053615	2023-06-18 11:45:38.507643	2023-06-18 11:45:38.507643	Französisch LB2	{"to": "2023-06-19T10:00:00Z", "from": "2023-06-19T08:00:00Z"}	\N
17ce5845-b438-4a67-9b9a-8e5029dfbba3	2023-06-18 11:45:38.537319	2023-06-18 11:45:38.537319	Physik LB3	{"to": "2023-06-19T10:00:00Z", "from": "2023-06-19T08:00:00Z"}	\N
fdb8882a-4617-4177-b0df-3060f30681d9	2023-06-18 11:45:38.568156	2023-06-18 11:45:38.568156	Deutsch	{"to": "2023-06-19T10:00:00Z", "from": "2023-06-19T08:00:00Z"}	\N
2e736bf2-d632-46df-b506-330872ac2fee	2023-06-18 11:45:38.586386	2023-06-18 11:45:38.586386	Kunst LB1	{"to": "2023-06-19T12:00:00Z", "from": "2023-06-19T10:00:00Z"}	\N
bf3def2b-ea9b-43cd-814f-abac58ee2405	2023-06-18 11:45:38.615377	2023-06-18 11:45:38.615377	Politik LB2	{"to": "2023-06-19T12:00:00Z", "from": "2023-06-19T10:00:00Z"}	\N
6ed42d99-1e44-4f0b-8320-4f01e101f56e	2023-06-18 11:45:38.652034	2023-06-18 11:45:38.652034	Deutsch LB3	{"to": "2023-06-19T12:00:00Z", "from": "2023-06-19T10:00:00Z"}	\N
7ae6153e-d28c-4f21-923c-15c5cef26b3d	2023-06-18 11:45:38.681605	2023-06-18 11:45:38.681605	Mathe	{"to": "2023-06-19T12:00:00Z", "from": "2023-06-19T10:00:00Z"}	\N
4bd1f2c6-5cc0-4b4a-8df5-eaf27a2ff5b4	2023-06-18 11:45:38.706873	2023-06-18 11:45:38.706873	Spanisch LB1	{"to": "2023-06-19T15:00:00Z", "from": "2023-06-19T13:00:00Z"}	\N
2305bb57-1321-44a3-a302-5c03e40fe1d9	2023-06-18 11:45:38.751139	2023-06-18 11:45:38.751139	Biologie LB2	{"to": "2023-06-19T15:00:00Z", "from": "2023-06-19T13:00:00Z"}	\N
8a8fca65-fba4-4559-9e49-c4393313451e	2023-06-18 11:45:38.767769	2023-06-18 11:45:38.767769	Erdkunde	{"to": "2023-06-19T15:00:00Z", "from": "2023-06-19T13:00:00Z"}	\N
b6b1f727-9a3f-4e0f-af16-7a82de71e042	2023-06-18 11:45:38.794623	2023-06-18 11:45:38.794623	Sport	{"to": "2023-06-19T16:00:00Z", "from": "2023-06-19T15:00:00Z"}	\N
e0b51e9b-cfe4-427c-a015-a0145de6222b	2023-06-18 11:45:43.366883	2023-06-18 11:45:43.366883	Happening A	{"to": "2024-01-01T10:00:00Z", "foo": "bar", "from": "2024-01-01T08:00:00Z"}	\N
a5d927c6-e140-4610-99ed-7fc897334b7d	2023-06-18 11:45:43.480587	2023-06-18 11:45:43.535921	create_get_update_happening happening 0	\N	\N
\.


--
-- Data for Name: check_in_out; Type: TABLE DATA; Schema: public; Owner: sven
--

COPY public.check_in_out (id, created_at, updated_at, member_id, happening_id, date, check_type, delay_minutes) FROM stdin;
1	2023-06-18 11:45:39.962707	2023-06-18 11:45:39.962707	16dd1168-4057-4ffa-bebd-3ad9c618525c	837dda7f-ceca-4743-a82f-7b83f3bcc2a5	2023-06-19 07:55:00	in	\N
2	2023-06-18 11:45:39.973086	2023-06-18 11:45:39.973086	bfd590e1-e476-4f76-b81b-9d982e665b8b	837dda7f-ceca-4743-a82f-7b83f3bcc2a5	2023-06-19 08:05:00	in	\N
3	2023-06-18 11:45:39.989768	2023-06-18 11:45:39.989768	d06bd1f9-fb05-43dd-841b-ffb5f1f19e12	837dda7f-ceca-4743-a82f-7b83f3bcc2a5	2023-06-19 08:10:00	in	\N
4	2023-06-18 11:45:39.998976	2023-06-18 11:45:39.998976	dacfb0aa-a96d-471a-ac31-086b180a256f	837dda7f-ceca-4743-a82f-7b83f3bcc2a5	2023-06-19 08:10:00	in	\N
5	2023-06-18 11:45:40.017211	2023-06-18 11:45:40.017211	1e858d76-ed8f-4cdb-83f8-f033db66d67f	837dda7f-ceca-4743-a82f-7b83f3bcc2a5	2023-06-19 08:15:00	in	\N
6	2023-06-18 11:45:40.028971	2023-06-18 11:45:40.028971	98af4b44-4452-46c2-a907-3658ba57cb4c	837dda7f-ceca-4743-a82f-7b83f3bcc2a5	2023-06-19 08:15:00	in	\N
7	2023-06-18 11:45:40.039055	2023-06-18 11:45:40.039055	9aed7e4b-a85f-4a8d-9d7a-6c47dc822ea8	837dda7f-ceca-4743-a82f-7b83f3bcc2a5	2023-06-19 08:15:00	in	\N
8	2023-06-18 11:45:40.049254	2023-06-18 11:45:40.049254	8807582a-67aa-4147-b406-d4f20bfbbf90	837dda7f-ceca-4743-a82f-7b83f3bcc2a5	2023-06-19 08:15:00	in	\N
9	2023-06-18 11:45:40.057093	2023-06-18 11:45:40.057093	8807582a-67aa-4147-b406-d4f20bfbbf90	837dda7f-ceca-4743-a82f-7b83f3bcc2a5	2023-06-19 08:15:01	in	\N
10	2023-06-18 11:45:40.064607	2023-06-18 11:45:40.064607	8807582a-67aa-4147-b406-d4f20bfbbf90	837dda7f-ceca-4743-a82f-7b83f3bcc2a5	2023-06-19 08:15:02	in	\N
11	2023-06-18 11:45:40.071404	2023-06-18 11:45:40.071404	8807582a-67aa-4147-b406-d4f20bfbbf90	837dda7f-ceca-4743-a82f-7b83f3bcc2a5	2023-06-19 08:15:03	in	\N
12	2023-06-18 11:45:40.083476	2023-06-18 11:45:40.083476	8807582a-67aa-4147-b406-d4f20bfbbf90	837dda7f-ceca-4743-a82f-7b83f3bcc2a5	2023-06-19 08:15:04	in	\N
13	2023-06-18 11:45:40.093098	2023-06-18 11:45:40.093098	8807582a-67aa-4147-b406-d4f20bfbbf90	837dda7f-ceca-4743-a82f-7b83f3bcc2a5	2023-06-19 08:15:05	in	\N
14	2023-06-18 11:45:40.103067	2023-06-18 11:45:40.103067	8807582a-67aa-4147-b406-d4f20bfbbf90	837dda7f-ceca-4743-a82f-7b83f3bcc2a5	2023-06-19 08:15:06	in	\N
15	2023-06-18 11:45:40.111839	2023-06-18 11:45:40.111839	fd4ff8f9-6f11-4f94-9836-cb9b47e52d0c	304b11b4-2c67-4442-a2ce-567de6053615	2023-06-19 08:15:00	in	\N
16	2023-06-18 11:45:40.118942	2023-06-18 11:45:40.118942	ed740919-ee7c-4838-a2a8-7fc4f5c7f3c3	304b11b4-2c67-4442-a2ce-567de6053615	2023-06-19 08:15:00	in	\N
17	2023-06-18 11:45:40.133025	2023-06-18 11:45:40.133025	16dd1168-4057-4ffa-bebd-3ad9c618525c	837dda7f-ceca-4743-a82f-7b83f3bcc2a5	2023-06-19 09:00:00	out	\N
18	2023-06-18 11:45:40.142319	2023-06-18 11:45:40.142319	bfd590e1-e476-4f76-b81b-9d982e665b8b	837dda7f-ceca-4743-a82f-7b83f3bcc2a5	2023-06-19 09:30:00	out	\N
19	2023-06-18 11:45:40.148982	2023-06-18 11:45:40.148982	d06bd1f9-fb05-43dd-841b-ffb5f1f19e12	837dda7f-ceca-4743-a82f-7b83f3bcc2a5	2023-06-19 10:00:00	out	\N
20	2023-06-18 11:45:40.154891	2023-06-18 11:45:40.154891	dacfb0aa-a96d-471a-ac31-086b180a256f	837dda7f-ceca-4743-a82f-7b83f3bcc2a5	2023-06-19 10:00:00	out	\N
21	2023-06-18 11:45:40.167842	2023-06-18 11:45:40.167842	1e858d76-ed8f-4cdb-83f8-f033db66d67f	837dda7f-ceca-4743-a82f-7b83f3bcc2a5	2023-06-19 10:00:00	out	\N
22	2023-06-18 11:45:40.180432	2023-06-18 11:45:40.180432	1e858d76-ed8f-4cdb-83f8-f033db66d67f	837dda7f-ceca-4743-a82f-7b83f3bcc2a5	2023-06-19 10:00:01	out	\N
23	2023-06-18 11:45:40.187745	2023-06-18 11:45:40.187745	1e858d76-ed8f-4cdb-83f8-f033db66d67f	837dda7f-ceca-4743-a82f-7b83f3bcc2a5	2023-06-19 10:00:02	out	\N
24	2023-06-18 11:45:40.196761	2023-06-18 11:45:40.196761	1e858d76-ed8f-4cdb-83f8-f033db66d67f	837dda7f-ceca-4743-a82f-7b83f3bcc2a5	2023-06-19 10:00:03	out	\N
25	2023-06-18 11:45:40.20442	2023-06-18 11:45:40.20442	1e858d76-ed8f-4cdb-83f8-f033db66d67f	837dda7f-ceca-4743-a82f-7b83f3bcc2a5	2023-06-19 10:00:04	out	\N
\.


--
-- Data for Name: contact; Type: TABLE DATA; Schema: public; Owner: sven
--

COPY public.contact (id, created_at, updated_at, member_id, type, value) FROM stdin;
\.


--
-- Data for Name: groups; Type: TABLE DATA; Schema: public; Owner: sven
--

COPY public.groups (id, created_at, updated_at, name) FROM stdin;
28ec173c-4d3a-4267-9e4d-a730ba286382	2023-06-18 11:45:37.156687	2023-06-18 11:45:37.156687	Group A
2c3ba2b5-5ae2-41ea-a907-ea539a1c3c24	2023-06-18 11:45:38.425436	2023-06-18 11:45:38.425436	Team A
721d058d-962a-4ce8-90b4-4dfe16348198	2023-06-18 11:45:38.466665	2023-06-18 11:45:38.466665	Team B
e5d717b3-a734-4368-addd-6b5dbcc6ec75	2023-06-18 11:45:43.202632	2023-06-18 11:45:43.246617	Group B
62c791d7-31b4-45cc-b32b-687f7b185897	2023-06-18 11:45:43.455222	2023-06-18 11:45:43.455222	create_get_update_happening group 0
\.


--
-- Data for Name: groups_happenings; Type: TABLE DATA; Schema: public; Owner: sven
--

COPY public.groups_happenings (id, created_at, updated_at, group_id, happening_id) FROM stdin;
1	2023-06-18 11:45:37.168015	2023-06-18 11:45:37.168015	28ec173c-4d3a-4267-9e4d-a730ba286382	9010fc94-fce0-4cbe-9794-e96881661be6
2	2023-06-18 11:45:37.182511	2023-06-18 11:45:37.182511	28ec173c-4d3a-4267-9e4d-a730ba286382	1b48e49e-3de1-4248-b67d-f9dd32e0f565
3	2023-06-18 11:45:38.486409	2023-06-18 11:45:38.486409	2c3ba2b5-5ae2-41ea-a907-ea539a1c3c24	837dda7f-ceca-4743-a82f-7b83f3bcc2a5
4	2023-06-18 11:45:38.507643	2023-06-18 11:45:38.507643	2c3ba2b5-5ae2-41ea-a907-ea539a1c3c24	304b11b4-2c67-4442-a2ce-567de6053615
5	2023-06-18 11:45:38.537319	2023-06-18 11:45:38.537319	2c3ba2b5-5ae2-41ea-a907-ea539a1c3c24	17ce5845-b438-4a67-9b9a-8e5029dfbba3
6	2023-06-18 11:45:38.568156	2023-06-18 11:45:38.568156	721d058d-962a-4ce8-90b4-4dfe16348198	fdb8882a-4617-4177-b0df-3060f30681d9
7	2023-06-18 11:45:38.586386	2023-06-18 11:45:38.586386	2c3ba2b5-5ae2-41ea-a907-ea539a1c3c24	2e736bf2-d632-46df-b506-330872ac2fee
8	2023-06-18 11:45:38.615377	2023-06-18 11:45:38.615377	2c3ba2b5-5ae2-41ea-a907-ea539a1c3c24	bf3def2b-ea9b-43cd-814f-abac58ee2405
9	2023-06-18 11:45:38.652034	2023-06-18 11:45:38.652034	2c3ba2b5-5ae2-41ea-a907-ea539a1c3c24	6ed42d99-1e44-4f0b-8320-4f01e101f56e
10	2023-06-18 11:45:38.681605	2023-06-18 11:45:38.681605	721d058d-962a-4ce8-90b4-4dfe16348198	7ae6153e-d28c-4f21-923c-15c5cef26b3d
11	2023-06-18 11:45:38.706873	2023-06-18 11:45:38.706873	2c3ba2b5-5ae2-41ea-a907-ea539a1c3c24	4bd1f2c6-5cc0-4b4a-8df5-eaf27a2ff5b4
12	2023-06-18 11:45:38.751139	2023-06-18 11:45:38.751139	2c3ba2b5-5ae2-41ea-a907-ea539a1c3c24	2305bb57-1321-44a3-a302-5c03e40fe1d9
13	2023-06-18 11:45:38.767769	2023-06-18 11:45:38.767769	721d058d-962a-4ce8-90b4-4dfe16348198	8a8fca65-fba4-4559-9e49-c4393313451e
14	2023-06-18 11:45:38.794623	2023-06-18 11:45:38.794623	2c3ba2b5-5ae2-41ea-a907-ea539a1c3c24	b6b1f727-9a3f-4e0f-af16-7a82de71e042
15	2023-06-18 11:45:38.794623	2023-06-18 11:45:38.794623	721d058d-962a-4ce8-90b4-4dfe16348198	b6b1f727-9a3f-4e0f-af16-7a82de71e042
16	2023-06-18 11:45:43.480587	2023-06-18 11:45:43.480587	62c791d7-31b4-45cc-b32b-687f7b185897	a5d927c6-e140-4610-99ed-7fc897334b7d
\.


--
-- Data for Name: member_is_to_group; Type: TABLE DATA; Schema: public; Owner: sven
--

COPY public.member_is_to_group (id, created_at, updated_at, source_member_id, target_group_id, role) FROM stdin;
1	2023-06-18 11:45:38.425436	2023-06-18 11:45:38.425436	f80472b3-ae8d-4c26-89d7-97ff30b644a3	2c3ba2b5-5ae2-41ea-a907-ea539a1c3c24	responsible
2	2023-06-18 11:45:38.425436	2023-06-18 11:45:38.425436	e62a13d3-4aae-4797-87ac-15fd1faf7dd3	2c3ba2b5-5ae2-41ea-a907-ea539a1c3c24	responsible
3	2023-06-18 11:45:38.425436	2023-06-18 11:45:38.425436	c2729bb0-621e-4368-b156-c9e8eb5abaf2	2c3ba2b5-5ae2-41ea-a907-ea539a1c3c24	responsible
4	2023-06-18 11:45:38.466665	2023-06-18 11:45:38.466665	f80472b3-ae8d-4c26-89d7-97ff30b644a3	721d058d-962a-4ce8-90b4-4dfe16348198	responsible
5	2023-06-18 11:45:38.466665	2023-06-18 11:45:38.466665	e62a13d3-4aae-4797-87ac-15fd1faf7dd3	721d058d-962a-4ce8-90b4-4dfe16348198	responsible
6	2023-06-18 11:45:38.819223	2023-06-18 11:45:38.819223	16dd1168-4057-4ffa-bebd-3ad9c618525c	2c3ba2b5-5ae2-41ea-a907-ea539a1c3c24	participant
7	2023-06-18 11:45:38.828251	2023-06-18 11:45:38.828251	bfd590e1-e476-4f76-b81b-9d982e665b8b	2c3ba2b5-5ae2-41ea-a907-ea539a1c3c24	participant
8	2023-06-18 11:45:38.84827	2023-06-18 11:45:38.84827	d06bd1f9-fb05-43dd-841b-ffb5f1f19e12	2c3ba2b5-5ae2-41ea-a907-ea539a1c3c24	participant
9	2023-06-18 11:45:38.857725	2023-06-18 11:45:38.857725	dacfb0aa-a96d-471a-ac31-086b180a256f	2c3ba2b5-5ae2-41ea-a907-ea539a1c3c24	participant
10	2023-06-18 11:45:38.86988	2023-06-18 11:45:38.86988	1e858d76-ed8f-4cdb-83f8-f033db66d67f	2c3ba2b5-5ae2-41ea-a907-ea539a1c3c24	participant
11	2023-06-18 11:45:38.884267	2023-06-18 11:45:38.884267	98af4b44-4452-46c2-a907-3658ba57cb4c	2c3ba2b5-5ae2-41ea-a907-ea539a1c3c24	participant
12	2023-06-18 11:45:38.894551	2023-06-18 11:45:38.894551	9aed7e4b-a85f-4a8d-9d7a-6c47dc822ea8	2c3ba2b5-5ae2-41ea-a907-ea539a1c3c24	participant
13	2023-06-18 11:45:38.905822	2023-06-18 11:45:38.905822	8807582a-67aa-4147-b406-d4f20bfbbf90	2c3ba2b5-5ae2-41ea-a907-ea539a1c3c24	participant
14	2023-06-18 11:45:38.91999	2023-06-18 11:45:38.91999	fd4ff8f9-6f11-4f94-9836-cb9b47e52d0c	2c3ba2b5-5ae2-41ea-a907-ea539a1c3c24	participant
15	2023-06-18 11:45:38.931816	2023-06-18 11:45:38.931816	ed740919-ee7c-4838-a2a8-7fc4f5c7f3c3	2c3ba2b5-5ae2-41ea-a907-ea539a1c3c24	participant
16	2023-06-18 11:45:38.942226	2023-06-18 11:45:38.942226	f7ef01b1-844c-4b7a-ac55-40f477e71f09	2c3ba2b5-5ae2-41ea-a907-ea539a1c3c24	participant
17	2023-06-18 11:45:38.954515	2023-06-18 11:45:38.954515	192edce4-f935-495c-ba25-2a738b83e050	2c3ba2b5-5ae2-41ea-a907-ea539a1c3c24	participant
18	2023-06-18 11:45:38.966503	2023-06-18 11:45:38.966503	d72fbd0d-3fe9-48e6-8879-4ed322ae98b5	2c3ba2b5-5ae2-41ea-a907-ea539a1c3c24	participant
19	2023-06-18 11:45:38.981846	2023-06-18 11:45:38.981846	d3f282c0-df6e-466f-b31f-24e8af21df80	2c3ba2b5-5ae2-41ea-a907-ea539a1c3c24	participant
20	2023-06-18 11:45:38.989219	2023-06-18 11:45:38.989219	ce99cee1-9c5f-484a-801e-dd17ec97d8f3	2c3ba2b5-5ae2-41ea-a907-ea539a1c3c24	participant
21	2023-06-18 11:45:38.997838	2023-06-18 11:45:38.997838	1ce2aa87-b10d-4540-be0d-4f559d24d7bf	2c3ba2b5-5ae2-41ea-a907-ea539a1c3c24	participant
22	2023-06-18 11:45:39.007486	2023-06-18 11:45:39.007486	8588dbe6-aa39-48c3-9353-fdf8e0498ac0	2c3ba2b5-5ae2-41ea-a907-ea539a1c3c24	participant
23	2023-06-18 11:45:39.02145	2023-06-18 11:45:39.02145	fc15b833-77f3-41b0-9bb3-4c3af12a6354	2c3ba2b5-5ae2-41ea-a907-ea539a1c3c24	participant
24	2023-06-18 11:45:39.029672	2023-06-18 11:45:39.029672	f894fa95-ecba-407f-b527-f00480441196	2c3ba2b5-5ae2-41ea-a907-ea539a1c3c24	participant
25	2023-06-18 11:45:39.042329	2023-06-18 11:45:39.042329	6562ea3f-25e2-497e-934a-dae067937f69	2c3ba2b5-5ae2-41ea-a907-ea539a1c3c24	participant
26	2023-06-18 11:45:39.054527	2023-06-18 11:45:39.054527	8725a360-5881-4126-a4fa-bdaa935b7779	721d058d-962a-4ce8-90b4-4dfe16348198	participant
27	2023-06-18 11:45:39.063721	2023-06-18 11:45:39.063721	47a2ea05-1e0e-4bad-b2a0-3026e21c6bc9	721d058d-962a-4ce8-90b4-4dfe16348198	participant
28	2023-06-18 11:45:39.075112	2023-06-18 11:45:39.075112	c9d8e81c-1a2b-4596-a6e3-aec4304dd491	721d058d-962a-4ce8-90b4-4dfe16348198	participant
29	2023-06-18 11:45:39.087262	2023-06-18 11:45:39.087262	4f74e115-3e8d-481d-8525-c1a94cb9f177	721d058d-962a-4ce8-90b4-4dfe16348198	participant
30	2023-06-18 11:45:39.099879	2023-06-18 11:45:39.099879	adc2ac7a-6d49-43e6-b1a2-81069afd8302	721d058d-962a-4ce8-90b4-4dfe16348198	participant
31	2023-06-18 11:45:39.10935	2023-06-18 11:45:39.10935	2d76faf7-c156-4518-8327-daead9b94f07	721d058d-962a-4ce8-90b4-4dfe16348198	participant
32	2023-06-18 11:45:39.118499	2023-06-18 11:45:39.118499	3070e967-4451-4250-9f67-e49b4c65c694	721d058d-962a-4ce8-90b4-4dfe16348198	participant
33	2023-06-18 11:45:39.131787	2023-06-18 11:45:39.131787	239677a5-a2a5-4a4f-b3a1-6b180e841525	721d058d-962a-4ce8-90b4-4dfe16348198	participant
34	2023-06-18 11:45:39.141507	2023-06-18 11:45:39.141507	8264b75c-6273-4d80-9c3a-67ebd163c3a7	721d058d-962a-4ce8-90b4-4dfe16348198	participant
35	2023-06-18 11:45:39.15061	2023-06-18 11:45:39.15061	e8634a05-bbc7-4436-aef9-5c18bfad7705	721d058d-962a-4ce8-90b4-4dfe16348198	participant
36	2023-06-18 11:45:39.166312	2023-06-18 11:45:39.166312	506fe4ed-9e5a-485e-a780-42d4fa17fcfa	721d058d-962a-4ce8-90b4-4dfe16348198	participant
37	2023-06-18 11:45:39.176211	2023-06-18 11:45:39.176211	24783891-374f-41c2-b81b-4b7294b11c8d	721d058d-962a-4ce8-90b4-4dfe16348198	participant
38	2023-06-18 11:45:39.188219	2023-06-18 11:45:39.188219	69dba276-2d76-4ade-8026-5c3c48d1e98b	721d058d-962a-4ce8-90b4-4dfe16348198	participant
39	2023-06-18 11:45:39.197839	2023-06-18 11:45:39.197839	fcebcd3e-cdeb-4286-b673-eaf52e4d0d08	721d058d-962a-4ce8-90b4-4dfe16348198	participant
40	2023-06-18 11:45:39.204603	2023-06-18 11:45:39.204603	4e7dcb7d-1329-49e2-9ff3-222700907d99	721d058d-962a-4ce8-90b4-4dfe16348198	participant
41	2023-06-18 11:45:39.219963	2023-06-18 11:45:39.219963	846e040a-1e54-4d8d-8bd9-c476cb8d5491	721d058d-962a-4ce8-90b4-4dfe16348198	participant
42	2023-06-18 11:45:39.229865	2023-06-18 11:45:39.229865	ed379fb7-02a8-44a2-a858-b94dab036521	721d058d-962a-4ce8-90b4-4dfe16348198	participant
43	2023-06-18 11:45:39.238879	2023-06-18 11:45:39.238879	4b1ca435-5318-4bcf-b7f0-e0bbf36878d9	721d058d-962a-4ce8-90b4-4dfe16348198	participant
44	2023-06-18 11:45:39.255443	2023-06-18 11:45:39.255443	7b9d0dab-9670-4d08-9cfc-49d48b07f733	721d058d-962a-4ce8-90b4-4dfe16348198	participant
45	2023-06-18 11:45:39.265976	2023-06-18 11:45:39.265976	a9e5ae80-02e4-4724-b54c-8440c9fa8a53	721d058d-962a-4ce8-90b4-4dfe16348198	participant
46	2023-06-18 11:45:39.281091	2023-06-18 11:45:39.281091	17eedd7d-72f2-4ede-9482-ef4e681c7ef8	721d058d-962a-4ce8-90b4-4dfe16348198	participant
47	2023-06-18 11:45:43.202632	2023-06-18 11:45:43.202632	8c17b487-7b80-48f8-be9d-e537b923b7d4	e5d717b3-a734-4368-addd-6b5dbcc6ec75	responsible
48	2023-06-18 11:45:43.202632	2023-06-18 11:45:43.202632	f2ee2538-29f2-4d31-8e3c-9a6b4c55acdf	e5d717b3-a734-4368-addd-6b5dbcc6ec75	responsible
49	2023-06-18 11:45:43.202632	2023-06-18 11:45:43.202632	00e65388-717e-475e-b9a5-70e6a5f253f0	e5d717b3-a734-4368-addd-6b5dbcc6ec75	participant
50	2023-06-18 11:45:43.202632	2023-06-18 11:45:43.202632	7e3f202f-cffa-4cb9-8a48-405f126cec28	e5d717b3-a734-4368-addd-6b5dbcc6ec75	participant
51	2023-06-18 11:45:43.202632	2023-06-18 11:45:43.202632	65c2ac62-db5f-4806-8891-d544233c1ca4	e5d717b3-a734-4368-addd-6b5dbcc6ec75	participant
52	2023-06-18 11:45:43.455222	2023-06-18 11:45:43.455222	c121c179-65a5-48ae-aefb-c78bcfe74e40	62c791d7-31b4-45cc-b32b-687f7b185897	responsible
53	2023-06-18 11:45:43.455222	2023-06-18 11:45:43.455222	53e147f2-6cb5-4cc1-b92b-55758118d1b8	62c791d7-31b4-45cc-b32b-687f7b185897	responsible
54	2023-06-18 11:45:43.455222	2023-06-18 11:45:43.455222	89f4c5f0-decb-4a56-9dca-54253535ed47	62c791d7-31b4-45cc-b32b-687f7b185897	participant
55	2023-06-18 11:45:43.455222	2023-06-18 11:45:43.455222	eb1ee80e-0078-43ef-a56e-42a970fef41c	62c791d7-31b4-45cc-b32b-687f7b185897	participant
56	2023-06-18 11:45:43.455222	2023-06-18 11:45:43.455222	a8b4536b-77f5-4811-9bdc-1347863c5a67	62c791d7-31b4-45cc-b32b-687f7b185897	participant
\.


--
-- Data for Name: member_is_to_happening; Type: TABLE DATA; Schema: public; Owner: sven
--

COPY public.member_is_to_happening (id, created_at, updated_at, source_member_id, target_happening_id, role) FROM stdin;
1	2023-06-18 11:45:37.409457	2023-06-18 11:45:37.409457	f80472b3-ae8d-4c26-89d7-97ff30b644a3	9010fc94-fce0-4cbe-9794-e96881661be6	responsible
2	2023-06-18 11:45:37.409457	2023-06-18 11:45:37.409457	f80472b3-ae8d-4c26-89d7-97ff30b644a3	1b48e49e-3de1-4248-b67d-f9dd32e0f565	responsible
3	2023-06-18 11:45:38.486409	2023-06-18 11:45:38.486409	f80472b3-ae8d-4c26-89d7-97ff30b644a3	837dda7f-ceca-4743-a82f-7b83f3bcc2a5	responsible
4	2023-06-18 11:45:38.507643	2023-06-18 11:45:38.507643	e62a13d3-4aae-4797-87ac-15fd1faf7dd3	304b11b4-2c67-4442-a2ce-567de6053615	responsible
5	2023-06-18 11:45:38.537319	2023-06-18 11:45:38.537319	c2729bb0-621e-4368-b156-c9e8eb5abaf2	17ce5845-b438-4a67-9b9a-8e5029dfbba3	responsible
6	2023-06-18 11:45:38.568156	2023-06-18 11:45:38.568156	8afcc3df-2463-42d5-9d87-4854a9db785e	fdb8882a-4617-4177-b0df-3060f30681d9	responsible
7	2023-06-18 11:45:38.586386	2023-06-18 11:45:38.586386	f80472b3-ae8d-4c26-89d7-97ff30b644a3	2e736bf2-d632-46df-b506-330872ac2fee	responsible
8	2023-06-18 11:45:38.586386	2023-06-18 11:45:38.586386	e62a13d3-4aae-4797-87ac-15fd1faf7dd3	2e736bf2-d632-46df-b506-330872ac2fee	responsible
9	2023-06-18 11:45:38.615377	2023-06-18 11:45:38.615377	c2729bb0-621e-4368-b156-c9e8eb5abaf2	bf3def2b-ea9b-43cd-814f-abac58ee2405	responsible
10	2023-06-18 11:45:38.652034	2023-06-18 11:45:38.652034	8afcc3df-2463-42d5-9d87-4854a9db785e	6ed42d99-1e44-4f0b-8320-4f01e101f56e	responsible
11	2023-06-18 11:45:38.681605	2023-06-18 11:45:38.681605	0082fb8c-f5b9-4d17-bad2-ae13d532d03b	7ae6153e-d28c-4f21-923c-15c5cef26b3d	responsible
12	2023-06-18 11:45:38.706873	2023-06-18 11:45:38.706873	f80472b3-ae8d-4c26-89d7-97ff30b644a3	4bd1f2c6-5cc0-4b4a-8df5-eaf27a2ff5b4	responsible
13	2023-06-18 11:45:38.706873	2023-06-18 11:45:38.706873	e62a13d3-4aae-4797-87ac-15fd1faf7dd3	4bd1f2c6-5cc0-4b4a-8df5-eaf27a2ff5b4	responsible
14	2023-06-18 11:45:38.751139	2023-06-18 11:45:38.751139	c2729bb0-621e-4368-b156-c9e8eb5abaf2	2305bb57-1321-44a3-a302-5c03e40fe1d9	responsible
15	2023-06-18 11:45:38.767769	2023-06-18 11:45:38.767769	8afcc3df-2463-42d5-9d87-4854a9db785e	8a8fca65-fba4-4559-9e49-c4393313451e	responsible
16	2023-06-18 11:45:38.767769	2023-06-18 11:45:38.767769	0082fb8c-f5b9-4d17-bad2-ae13d532d03b	8a8fca65-fba4-4559-9e49-c4393313451e	responsible
17	2023-06-18 11:45:38.794623	2023-06-18 11:45:38.794623	f80472b3-ae8d-4c26-89d7-97ff30b644a3	b6b1f727-9a3f-4e0f-af16-7a82de71e042	responsible
18	2023-06-18 11:45:38.794623	2023-06-18 11:45:38.794623	e62a13d3-4aae-4797-87ac-15fd1faf7dd3	b6b1f727-9a3f-4e0f-af16-7a82de71e042	responsible
19	2023-06-18 11:45:38.794623	2023-06-18 11:45:38.794623	c2729bb0-621e-4368-b156-c9e8eb5abaf2	b6b1f727-9a3f-4e0f-af16-7a82de71e042	responsible
20	2023-06-18 11:45:43.480587	2023-06-18 11:45:43.480587	c121c179-65a5-48ae-aefb-c78bcfe74e40	a5d927c6-e140-4610-99ed-7fc897334b7d	responsible
21	2023-06-18 11:45:43.480587	2023-06-18 11:45:43.480587	53e147f2-6cb5-4cc1-b92b-55758118d1b8	a5d927c6-e140-4610-99ed-7fc897334b7d	responsible
22	2023-06-18 11:45:43.480587	2023-06-18 11:45:43.480587	89f4c5f0-decb-4a56-9dca-54253535ed47	a5d927c6-e140-4610-99ed-7fc897334b7d	participant
23	2023-06-18 11:45:43.480587	2023-06-18 11:45:43.480587	eb1ee80e-0078-43ef-a56e-42a970fef41c	a5d927c6-e140-4610-99ed-7fc897334b7d	participant
24	2023-06-18 11:45:43.480587	2023-06-18 11:45:43.480587	a8b4536b-77f5-4811-9bdc-1347863c5a67	a5d927c6-e140-4610-99ed-7fc897334b7d	participant
\.


--
-- Data for Name: member_is_to_member; Type: TABLE DATA; Schema: public; Owner: sven
--

COPY public.member_is_to_member (id, created_at, updated_at, source_member_id, target_member_id, role) FROM stdin;
\.


--
-- Data for Name: notes; Type: TABLE DATA; Schema: public; Owner: sven
--

COPY public.notes (id, created_at, updated_at, note, author_member_id, member_notes_list_id) FROM stdin;
\.


--
-- Data for Name: seaql_migrations; Type: TABLE DATA; Schema: public; Owner: sven
--

COPY public.seaql_migrations (version, applied_at) FROM stdin;
m20220101_000001_create_table	1687088734
\.


--
-- Name: check_in_out_id_seq; Type: SEQUENCE SET; Schema: public; Owner: sven
--

SELECT pg_catalog.setval('public.check_in_out_id_seq', 25, true);


--
-- Name: contact_id_seq; Type: SEQUENCE SET; Schema: public; Owner: sven
--

SELECT pg_catalog.setval('public.contact_id_seq', 1, false);


--
-- Name: groups_happenings_id_seq; Type: SEQUENCE SET; Schema: public; Owner: sven
--

SELECT pg_catalog.setval('public.groups_happenings_id_seq', 16, true);


--
-- Name: member_is_to_group_id_seq; Type: SEQUENCE SET; Schema: public; Owner: sven
--

SELECT pg_catalog.setval('public.member_is_to_group_id_seq', 56, true);


--
-- Name: member_is_to_happening_id_seq; Type: SEQUENCE SET; Schema: public; Owner: sven
--

SELECT pg_catalog.setval('public.member_is_to_happening_id_seq', 24, true);


--
-- Name: member_is_to_member_id_seq; Type: SEQUENCE SET; Schema: public; Owner: sven
--

SELECT pg_catalog.setval('public.member_is_to_member_id_seq', 1, false);


--
-- Name: member_notes_list_id_seq; Type: SEQUENCE SET; Schema: public; Owner: sven
--

SELECT pg_catalog.setval('public.member_notes_list_id_seq', 1, false);


--
-- Name: notes_id_seq; Type: SEQUENCE SET; Schema: public; Owner: sven
--

SELECT pg_catalog.setval('public.notes_id_seq', 1, false);


--
-- PostgreSQL database dump complete
--

