--
-- PostgreSQL database dump
--

-- Dumped from database version 14.8 (Ubuntu 14.8-0ubuntu0.22.04.1)
-- Dumped by pg_dump version 14.8 (Ubuntu 14.8-0ubuntu0.22.04.1)

SET statement_timeout = 0;
SET lock_timeout = 0;
SET idle_in_transaction_session_timeout = 0;
SET client_encoding = 'UTF8';
SET standard_conforming_strings = on;
SELECT pg_catalog.set_config('search_path', '', false);
SET check_function_bodies = false;
SET xmloption = content;
SET client_min_messages = warning;
SET row_security = off;

--
-- Data for Name: members; Type: TABLE DATA; Schema: public; Owner: sven
--

COPY public.members (id, created_at, updated_at, name, keycloak_id) FROM stdin;
978913b9-a594-4b94-9645-e5c6e2f6c67b	2023-06-17 12:25:55.336316	2023-06-17 12:25:55.336316	Test Seki01	1115cbc8-cbb7-4250-ab00-2e2003a58f5b
4df77c3e-bf77-4b80-aba5-598248239bcd	2023-06-17 12:25:55.341597	2023-06-17 12:25:55.341597	Test User001	d26a3222-3c06-4d75-9f01-9b1c2a3d9e4f
3849e2f3-8790-442f-866d-1e00f10f54c0	2023-06-17 12:25:55.349803	2023-06-17 12:25:55.349803	Jayme Payze	10e2e040-c8e6-4049-9589-a7956acb4b40
9e628f6b-b1ae-4830-b981-29fb0a959df9	2023-06-17 12:25:55.35383	2023-06-17 12:25:55.35383	Lucie Havenhand	2179f770-e6ae-4eb9-a268-f11efec1d735
0e9bd43d-3535-4ba8-b616-0a8ae6f304ce	2023-06-17 12:25:55.357771	2023-06-17 12:25:55.357771	Dredi Bende	32a60644-1933-49b2-a713-cf48b4ea3c20
76c54a29-2c14-4134-94a5-fe8899e699df	2023-06-17 12:25:55.361799	2023-06-17 12:25:55.361799	Kaitlin Ackenson	510c1dd7-8816-484c-b598-19a6cc973069
1bb1fa4d-a00b-4ec7-a3ab-98d937e88c22	2023-06-17 12:25:55.345726	2023-06-17 12:25:55.615217	Alick McBeth	331dac72-9e2e-4677-a3fb-8cca168642be
04abbcba-d4d2-41c4-8ea9-80f9c7d2412c	2023-06-17 12:25:56.222459	2023-06-17 12:25:56.222459	Thane Jacqueminot	\N
125b80ba-7535-4d76-85c4-2ce6136a3507	2023-06-17 12:25:56.229041	2023-06-17 12:25:56.229041	Halley Dewhurst	\N
c87a5076-2649-4613-854f-e0854deee0da	2023-06-17 12:25:56.236251	2023-06-17 12:25:56.236251	Langston Sackes	\N
67bd2117-34b1-4f39-be33-7d0f89f1bb4e	2023-06-17 12:25:56.246666	2023-06-17 12:25:56.246666	Bethina Greenly	\N
1d05c8b7-c4c8-4c6c-9bfe-6e70069512e4	2023-06-17 12:25:56.25575	2023-06-17 12:25:56.25575	Andris Speddin	\N
5623d51f-a40c-4428-a870-74accfe67bfb	2023-06-17 12:25:56.262359	2023-06-17 12:25:56.262359	Duff Harback	\N
1c783e7d-2fd7-493a-ba45-6814d23d8a6f	2023-06-17 12:25:56.270589	2023-06-17 12:25:56.270589	Tildi Crockley	\N
29125cdd-f4d1-4fd4-9737-8993102717da	2023-06-17 12:25:56.276753	2023-06-17 12:25:56.276753	Haze Lawrie	\N
c42756ed-2893-4db7-b8ba-a683e96b8439	2023-06-17 12:25:56.282718	2023-06-17 12:25:56.282718	Dennie Coatts	\N
a97e683c-10ec-475e-a1c7-a74435ff9fb6	2023-06-17 12:25:56.288976	2023-06-17 12:25:56.288976	Georgina Starrs	\N
1fb2afd1-7955-4dad-9abc-e64938f274d9	2023-06-17 12:25:56.295339	2023-06-17 12:25:56.295339	Gayle Mardy	\N
e41f8bbe-8dc3-4c23-8a9e-4b9e06d0ed41	2023-06-17 12:25:56.300973	2023-06-17 12:25:56.300973	Dieter Wogden	\N
192ca2a0-824a-46b6-94cb-a8add9f6f385	2023-06-17 12:25:56.3067	2023-06-17 12:25:56.3067	Katerina Hamprecht	\N
20458f67-ed50-4258-9766-d5cc6a9e6709	2023-06-17 12:25:56.312713	2023-06-17 12:25:56.312713	Krystle Liddall	\N
c4e16fad-12ba-499f-aba8-7e13b1b8bf7e	2023-06-17 12:25:56.318576	2023-06-17 12:25:56.318576	Mohandas Cruttenden	\N
7f8660b3-25a2-482e-91d5-f9f284feaeb1	2023-06-17 12:25:56.324498	2023-06-17 12:25:56.324498	Alair Moizer	\N
00b7f3c6-9ef1-4d20-ad23-3caf159cb575	2023-06-17 12:25:56.33049	2023-06-17 12:25:56.33049	Tate Zorzutti	\N
103be085-51cf-4db5-9668-96e79583b683	2023-06-17 12:25:56.336056	2023-06-17 12:25:56.336056	Paulita Macallam	\N
85fad633-41cd-4abc-93f8-2f1bb25676d8	2023-06-17 12:25:56.341844	2023-06-17 12:25:56.341844	Oralle Mote	\N
458e94c5-9842-499c-93d7-2801e615bdf6	2023-06-17 12:25:56.347361	2023-06-17 12:25:56.347361	Jacobo Brockie	\N
e742a9c1-d1b0-4e2c-b362-283e067c7c5b	2023-06-17 12:25:56.353007	2023-06-17 12:25:56.353007	Mord Strike	\N
2b1e38d8-189d-4033-8b72-a0de1cff8032	2023-06-17 12:25:56.358688	2023-06-17 12:25:56.358688	Emmye Ivanshintsev	\N
6c47be2d-5471-4d43-a70b-cdcd45bf10c9	2023-06-17 12:25:56.364463	2023-06-17 12:25:56.364463	Nixie Halloran	\N
fca4592f-5c75-4d0a-b98c-63649f04baf8	2023-06-17 12:25:56.369951	2023-06-17 12:25:56.369951	Gaultiero Learmount	\N
5bee1b84-88ef-45bd-98f7-be407801ca02	2023-06-17 12:25:56.375489	2023-06-17 12:25:56.375489	Karrie Greenham	\N
78378273-78f0-447e-9e11-978b03a76e2a	2023-06-17 12:25:56.381082	2023-06-17 12:25:56.381082	Fionnula Scorah	\N
544f32a0-d08d-45a5-a732-8c8a7e3cc7d6	2023-06-17 12:25:56.38668	2023-06-17 12:25:56.38668	Bartlet Jonah	\N
23736b8b-0afe-4fb5-b2e3-b5719e2e9af0	2023-06-17 12:25:56.392489	2023-06-17 12:25:56.392489	Norene Marques	\N
b68a9050-47de-4f75-bd2e-3ba2857cf7c6	2023-06-17 12:25:56.398443	2023-06-17 12:25:56.398443	De witt Bramwich	\N
8b8a12d9-f208-4525-8d23-356e79795e7c	2023-06-17 12:25:56.4039	2023-06-17 12:25:56.4039	Chadwick Keggin	\N
c9d3cfb1-59f6-434a-9b67-5e4aa2611a7a	2023-06-17 12:25:56.409608	2023-06-17 12:25:56.409608	Zebulon Neilus	\N
e214b3d9-8110-49f7-951c-1f8272ca2545	2023-06-17 12:25:56.414977	2023-06-17 12:25:56.414977	Allayne Strattan	\N
6cb556d0-958d-4971-93b4-77df26b3882a	2023-06-17 12:25:56.420639	2023-06-17 12:25:56.420639	Nariko Giggs	\N
fb1e011a-c974-4fdf-b26e-56bf8eaee7f9	2023-06-17 12:25:56.426366	2023-06-17 12:25:56.426366	Ragnar Boate	\N
b95d7b97-c607-4ac5-99ff-20a04abf9e62	2023-06-17 12:25:56.43261	2023-06-17 12:25:56.43261	Aundrea Wride	\N
1fe35956-4a52-4181-8269-48bb898988ea	2023-06-17 12:25:56.438186	2023-06-17 12:25:56.438186	Joey Strewthers	\N
7e27bbfa-3daa-499f-8e51-05fd149ed33f	2023-06-17 12:25:56.443699	2023-06-17 12:25:56.443699	Charlotte Rosterne	\N
8260af6a-b9de-4d97-934f-fabe927bfccd	2023-06-17 12:25:56.449387	2023-06-17 12:25:56.449387	Robina Banes	\N
6295e161-1576-4698-81ac-05aaece54305	2023-06-17 12:25:56.45509	2023-06-17 12:25:56.45509	Farleigh Giovannelli	\N
7980c3b2-b481-4f91-a883-c90f2061b279	2023-06-17 12:25:56.461064	2023-06-17 12:25:56.461064	Margy Todarini	\N
adbb2fc7-e4ea-423b-8dff-84fac3ad7910	2023-06-17 12:25:56.466789	2023-06-17 12:25:56.466789	Webb Louder	\N
331230e7-0493-419d-88d4-88c2a4ad7a69	2023-06-17 12:25:56.472316	2023-06-17 12:25:56.472316	Camella Staterfield	\N
db246a23-b0ba-4641-9cbf-d73a6462dbfc	2023-06-17 12:25:56.476356	2023-06-17 12:25:56.476356	Lilias Cavey	\N
ad115117-1726-4d4d-9940-b319d54d65ba	2023-06-17 12:25:56.480397	2023-06-17 12:25:56.480397	Elia Pawlicki	\N
3db0d9a9-b5c2-4a3c-8ca1-a33872e5448a	2023-06-17 12:25:56.48456	2023-06-17 12:25:56.48456	Ailene Teresse	\N
e237f354-61b0-4445-b7b8-7b6afb56bbf4	2023-06-17 12:25:56.48893	2023-06-17 12:25:56.48893	Serene Ellens	\N
5248e5ee-4fc7-468c-bda3-dc0637ba5057	2023-06-17 12:25:56.493069	2023-06-17 12:25:56.493069	Ashleigh Cottee	\N
f2e3d119-1726-4f69-9f07-751046dc5c29	2023-06-17 12:25:56.497042	2023-06-17 12:25:56.497042	Hephzibah Curuclis	\N
1c9aafd7-7ed4-4ce6-9eb3-80aad12a4534	2023-06-17 12:25:56.50107	2023-06-17 12:25:56.50107	Remus Brownsword	\N
1945ad85-d7d6-4448-85ee-d8dd224a81db	2023-06-17 12:25:56.505105	2023-06-17 12:25:56.505105	Myles Clac	\N
cb5423f7-82cc-4125-a974-0b84afdb2338	2023-06-17 12:25:56.509265	2023-06-17 12:25:56.509265	Wilbur Paternoster	\N
515dfe24-c0a6-4d34-af12-8a9e2b37ad7a	2023-06-17 12:25:56.513607	2023-06-17 12:25:56.513607	Modesta Dewes	\N
c8d6eaba-4759-41d8-abd3-327af770958f	2023-06-17 12:25:56.51777	2023-06-17 12:25:56.51777	Wally Sandom	\N
dc1f2b7a-8aef-41d3-b9f9-cbca88e3a94e	2023-06-17 12:25:56.521728	2023-06-17 12:25:56.521728	Carlin Ivashinnikov	\N
c022aaa6-6454-4e74-85cd-1f9681b8799b	2023-06-17 12:25:56.525698	2023-06-17 12:25:56.525698	Bradney Lenney	\N
add5a613-3c0b-4470-a8a2-1ddbcff6e6e3	2023-06-17 12:25:56.529708	2023-06-17 12:25:56.529708	Hurley Titterington	\N
d0dbb00e-dabb-4bcf-87ea-a821144da8b9	2023-06-17 12:25:56.533884	2023-06-17 12:25:56.533884	Adrienne Nutter	\N
98359ce3-fb77-49bd-a196-ff76473106c5	2023-06-17 12:25:56.538242	2023-06-17 12:25:56.538242	Mellie Tafani	\N
cee7f518-b33c-4889-ab11-5654e1694725	2023-06-17 12:25:56.542402	2023-06-17 12:25:56.542402	Bartholomew Hoy	\N
a797d3fa-2d65-4487-af70-3c4cdf2778c5	2023-06-17 12:25:56.546413	2023-06-17 12:25:56.546413	Deeann Hexum	\N
b49b1365-afc7-49cf-a145-cfbc84c1a3ec	2023-06-17 12:25:56.550412	2023-06-17 12:25:56.550412	Avie Curner	\N
2a54eab5-b577-4d6a-81f9-4d0f003ffe95	2023-06-17 12:25:56.554407	2023-06-17 12:25:56.554407	Niels Mackerness	\N
dd62924a-f92d-450d-9fa2-8f2ec7219a03	2023-06-17 12:25:56.558429	2023-06-17 12:25:56.558429	Saw Tidcombe	\N
6aa175d6-add2-408c-a349-144a11e04d0c	2023-06-17 12:25:56.562657	2023-06-17 12:25:56.562657	Claybourne De Ruel	\N
385c91fa-5e7c-42bf-a973-5763aa1c6863	2023-06-17 12:25:56.566733	2023-06-17 12:25:56.566733	Brendis Wisedale	\N
ea411fd8-674f-4115-989f-df5f48aefa6d	2023-06-17 12:25:56.570608	2023-06-17 12:25:56.570608	Noah Laurencot	\N
2fa6dded-8747-4699-9ee4-8b75d13c19d6	2023-06-17 12:25:56.574593	2023-06-17 12:25:56.574593	Millicent Cottam	\N
5ffb0e8f-ea2f-439e-a03b-3f0bbeacb76b	2023-06-17 12:25:56.578605	2023-06-17 12:25:56.578605	Morgana Magwood	\N
92c80fb5-2888-4c48-a1d8-4e2edb0aeda4	2023-06-17 12:25:56.582678	2023-06-17 12:25:56.582678	Arlen Lorriman	\N
7bc10762-b382-46d9-a7ad-9cdf719a712f	2023-06-17 12:25:56.586893	2023-06-17 12:25:56.586893	Alanah Firsby	\N
5f5859a5-910a-4871-b9c4-ab20bf14e293	2023-06-17 12:25:56.590936	2023-06-17 12:25:56.590936	Raphaela Newlove	\N
ec1a76fa-d8a2-4570-af36-4f110b26fc38	2023-06-17 12:25:56.594875	2023-06-17 12:25:56.594875	Breanne Keasy	\N
05eaeabc-7bc5-4876-818d-198042ebab19	2023-06-17 12:25:56.598834	2023-06-17 12:25:56.598834	Willem Detloff	\N
d9378fa5-7d07-424b-92e6-bb795bac8927	2023-06-17 12:25:56.602864	2023-06-17 12:25:56.602864	Alwyn Dillinger	\N
a1b69168-a578-4b3f-8f6e-6fb82960fd7a	2023-06-17 12:25:56.606873	2023-06-17 12:25:56.606873	Rudie Robe	\N
3e1f153c-c56c-4fe3-803e-3cf08a6cd033	2023-06-17 12:25:56.611094	2023-06-17 12:25:56.611094	Hewett Iacovielli	\N
42243ca9-9156-4429-80e3-277ea0039f2e	2023-06-17 12:25:56.615206	2023-06-17 12:25:56.615206	Olia Audiss	\N
5ef234ce-cc2d-46cf-a1b4-8ee3d82efc1a	2023-06-17 12:25:56.619106	2023-06-17 12:25:56.619106	Herc Maguire	\N
124c3f83-8934-4af9-8f40-213f3edb3ba5	2023-06-17 12:25:56.623105	2023-06-17 12:25:56.623105	Farrand Armstead	\N
7fd8caf0-778d-4edf-b1e2-86e29b71bc46	2023-06-17 12:25:56.627066	2023-06-17 12:25:56.627066	Pier Ripper	\N
a394fde4-5d8d-41ad-9912-7d7826d41f5a	2023-06-17 12:25:56.631133	2023-06-17 12:25:56.631133	Timmi Willmot	\N
ea75b2cd-e986-4ff4-9658-1ae80b4165cf	2023-06-17 12:25:56.635335	2023-06-17 12:25:56.635335	Simmonds Ennion	\N
28016574-413c-4cc5-95ad-216782c28366	2023-06-17 12:25:56.639372	2023-06-17 12:25:56.639372	Eziechiele Balding	\N
e879694a-37d6-41d9-b063-9e952f987241	2023-06-17 12:25:56.643373	2023-06-17 12:25:56.643373	Bess Kupker	\N
bac1b58c-0ce3-4c60-8c91-fb5f9378dc91	2023-06-17 12:25:56.647404	2023-06-17 12:25:56.647404	Hurley Olney	\N
0437603a-0455-46cd-b011-178dbed4d64c	2023-06-17 12:25:56.651489	2023-06-17 12:25:56.651489	Lee Bourrel	\N
c96b2d18-41b5-42c1-a5fa-cca2e3d2f948	2023-06-17 12:25:56.655545	2023-06-17 12:25:56.655545	Scotti Tertre	\N
940900cc-3c9c-4b73-8b4f-c7c5d1babd6a	2023-06-17 12:25:56.659735	2023-06-17 12:25:56.659735	Marty Rust	\N
1116cc13-b0a4-4e06-a59f-8ee4bb770a6d	2023-06-17 12:25:56.663855	2023-06-17 12:25:56.663855	Ray Ropp	\N
9dc955a7-7629-43ed-a658-7c33d4d72e60	2023-06-17 12:25:56.66765	2023-06-17 12:25:56.66765	Jessica Clench	\N
2e7db698-5bc9-4deb-a5b4-677c225806dc	2023-06-17 12:25:56.671628	2023-06-17 12:25:56.671628	Pascale McPharlain	\N
5d89b3d1-5bdc-40dc-979a-bdeb82cfa3c1	2023-06-17 12:25:56.675613	2023-06-17 12:25:56.675613	Rosa Nisius	\N
17a2da99-19f4-4210-bb61-c6fb9ac7be06	2023-06-17 12:25:56.67963	2023-06-17 12:25:56.67963	Carly Stilwell	\N
a291541e-a37b-48cd-802a-ee87d07ea2c5	2023-06-17 12:25:56.683833	2023-06-17 12:25:56.683833	Philippa Jentzsch	\N
2de8a1d5-6a03-4a04-8616-f50ef97ce19f	2023-06-17 12:25:56.687921	2023-06-17 12:25:56.687921	Hurlee Cambden	\N
3fb3c469-d693-4e31-ac50-3a1170e0c5a8	2023-06-17 12:25:56.700409	2023-06-17 12:25:56.700409	Walden Oliva	\N
4543fd0e-4267-4340-b874-fbc87ef7ff27	2023-06-17 12:25:56.71269	2023-06-17 12:25:56.71269	Baldwin Dwyer	\N
5ec7cab9-15b0-4385-a682-1be9f2d50b17	2023-06-17 12:25:56.724578	2023-06-17 12:25:56.724578	Morganne Bartlomieczak	\N
48b47e25-4624-4ce8-a0a1-3bfbf370c72e	2023-06-17 12:25:56.736939	2023-06-17 12:25:56.736939	Franzen Caulder	\N
a8d21306-6c9e-474c-9e66-b74036706cbf	2023-06-17 12:25:56.748858	2023-06-17 12:25:56.748858	Phil Hoyte	\N
e7d572a3-677e-44f8-b266-41088a78df3a	2023-06-17 12:25:58.711849	2023-06-17 12:25:58.711849	create_get_update_group responsibles 1	\N
1a0e0a58-9dd9-423a-8090-2ce8caa05646	2023-06-17 12:25:58.878097	2023-06-17 12:25:58.878097	create_get_update_happening responsibles 0	\N
d34238f3-9e61-4760-b1e9-57446aeb5cf0	2023-06-17 12:25:56.692099	2023-06-17 12:25:56.692099	Axel Chestney	\N
8a990423-d46d-4a32-8c2a-b347f8a444e0	2023-06-17 12:25:56.704411	2023-06-17 12:25:56.704411	Lamar Benduhn	\N
06f92bd0-05a7-409e-8b4d-c4f31b002eb7	2023-06-17 12:25:56.716633	2023-06-17 12:25:56.716633	Kalina Loder	\N
250a86e8-1c21-4f22-87b9-2250cdd9595c	2023-06-17 12:25:56.728631	2023-06-17 12:25:56.728631	Nickolaus Malins	\N
33786671-55c4-4e51-8c18-6b10b790eb46	2023-06-17 12:25:56.740927	2023-06-17 12:25:56.740927	Christoper Crowley	\N
0ade5d3a-1d69-490b-81b9-ad4e295aace5	2023-06-17 12:25:58.716303	2023-06-17 12:25:58.716303	create_get_update_group participants 0	\N
720d2d38-f417-4607-9c51-e17cab839116	2023-06-17 12:25:58.882947	2023-06-17 12:25:58.882947	create_get_update_happening responsibles 1	\N
2a5f9eb6-f040-4c28-b301-f7f1d21a5bd6	2023-06-17 12:25:56.696335	2023-06-17 12:25:56.696335	Alasteir Loney	\N
941657c3-7a32-4304-b451-89cfe87f081b	2023-06-17 12:25:56.708621	2023-06-17 12:25:56.708621	Sissy Hallatt	\N
4375879d-21e4-4291-897e-395f7599de42	2023-06-17 12:25:56.7206	2023-06-17 12:25:56.7206	Stanleigh Nelane	\N
6132689e-1b4f-438b-ad39-48b868f1c5b5	2023-06-17 12:25:56.73285	2023-06-17 12:25:56.73285	Roze Grinyer	\N
c461d383-5d62-41b0-b5ae-66aad61d7b31	2023-06-17 12:25:56.744904	2023-06-17 12:25:56.744904	Martyn MacRitchie	\N
72179ab7-ea72-454e-8480-9cbc36e19aa2	2023-06-17 12:25:58.706847	2023-06-17 12:25:58.706847	create_get_update_group responsibles 0	\N
1b7b1ee3-63cb-40fe-b17b-6a866c450851	2023-06-17 12:25:58.7206	2023-06-17 12:25:58.7206	create_get_update_group participants 1	\N
1f06ce55-2334-4fa7-bd75-0544a3c6a91a	2023-06-17 12:25:58.725465	2023-06-17 12:25:58.725465	create_get_update_group participants 2	\N
9f43a988-ceda-4309-985c-7fad15355cda	2023-06-17 12:25:58.887555	2023-06-17 12:25:58.887555	create_get_update_happening participants 0	\N
07fefd19-cd8c-4527-af63-849b05c4e512	2023-06-17 12:25:58.891882	2023-06-17 12:25:58.891882	create_get_update_happening participants 1	\N
a1ede825-60a2-476b-bf4d-57d45cb76c07	2023-06-17 12:25:58.899368	2023-06-17 12:25:58.899368	create_get_update_happening participants 2	\N
c6219b5f-1e07-4742-984b-54336499f2a8	2023-06-17 12:25:59.231888	2023-06-17 12:25:59.268095	create_get_update_member	8dcb6f9c-8015-49ed-8828-4de8b07e833a
\.


--
-- Data for Name: member_notes_list; Type: TABLE DATA; Schema: public; Owner: sven
--

COPY public.member_notes_list (id, created_at, updated_at, member_id, type) FROM stdin;
\.


--
-- Data for Name: absents; Type: TABLE DATA; Schema: public; Owner: sven
--

COPY public.absents (id, created_at, updated_at, member_id, reason, from_date, until_date, canceled, member_notes_list_id, note) FROM stdin;
8f7763c9-823e-45cc-ab4c-afc5ccfb1a64	2023-06-17 12:25:56.871963	2023-06-17 12:25:56.871963	85fad633-41cd-4abc-93f8-2f1bb25676d8	ill	2023-06-19 08:00:00	2023-06-19 18:00:00	f	\N	\N
b82fa369-8914-4aaf-8169-6475674534fb	2023-06-17 12:25:56.878185	2023-06-17 12:25:56.878185	458e94c5-9842-499c-93d7-2801e615bdf6	ill	2023-06-19 09:00:00	2023-06-19 10:00:00	f	\N	\N
\.


--
-- Data for Name: happenings; Type: TABLE DATA; Schema: public; Owner: sven
--

COPY public.happenings (id, created_at, updated_at, name, props, checked_in_filter) FROM stdin;
1c096e0e-b4c8-4682-bc52-1a6ba993f62f	2023-06-17 12:25:55.460857	2023-06-17 12:25:55.460857	Sport	{"to": "2024-01-01T10:00:00Z", "bar": "foo", "foo": "bar", "from": "2024-01-01T08:00:00Z"}	\N
ee00d09d-804e-4bb5-ac7b-2bf645071f23	2023-06-17 12:25:55.468206	2023-06-17 12:25:55.468206	Erdkunde	{"to": "2024-01-01T10:00:00Z", "from": "2024-01-01T09:00:00Z"}	\N
b3120f8a-dfeb-4d83-bc49-fae33d3be605	2023-06-17 12:25:56.101943	2023-06-17 12:25:56.101943	Mathe LB1	{"to": "2023-06-19T10:00:00Z", "from": "2023-06-19T08:00:00Z"}	\N
aeb7ca91-a1c6-4a64-8469-1e64c3a5b56a	2023-06-17 12:25:56.11268	2023-06-17 12:25:56.11268	Französisch LB2	{"to": "2023-06-19T10:00:00Z", "from": "2023-06-19T08:00:00Z"}	\N
01a366e7-65a7-418a-8848-4aba7be52a8f	2023-06-17 12:25:56.121399	2023-06-17 12:25:56.121399	Physik LB3	{"to": "2023-06-19T10:00:00Z", "from": "2023-06-19T08:00:00Z"}	\N
fc0eef15-23cd-4767-bd34-07f82dbb02c1	2023-06-17 12:25:56.1318	2023-06-17 12:25:56.1318	Deutsch	{"to": "2023-06-19T10:00:00Z", "from": "2023-06-19T08:00:00Z"}	\N
d19594a4-a06f-4223-9323-b0899fa6aa91	2023-06-17 12:25:56.1404	2023-06-17 12:25:56.1404	Kunst LB1	{"to": "2023-06-19T12:00:00Z", "from": "2023-06-19T10:00:00Z"}	\N
b5e39320-46e1-436a-8ec4-4156d814f7aa	2023-06-17 12:25:56.151362	2023-06-17 12:25:56.151362	Politik LB2	{"to": "2023-06-19T12:00:00Z", "from": "2023-06-19T10:00:00Z"}	\N
6779de62-db38-4986-ad73-76dd76f22816	2023-06-17 12:25:56.159799	2023-06-17 12:25:56.159799	Deutsch LB3	{"to": "2023-06-19T12:00:00Z", "from": "2023-06-19T10:00:00Z"}	\N
fd8b4191-2184-490f-b298-7771b7fab726	2023-06-17 12:25:56.168369	2023-06-17 12:25:56.168369	Mathe	{"to": "2023-06-19T12:00:00Z", "from": "2023-06-19T10:00:00Z"}	\N
1f989311-932b-415e-b8a2-738b34d2a14b	2023-06-17 12:25:56.177091	2023-06-17 12:25:56.177091	Spanisch LB1	{"to": "2023-06-19T15:00:00Z", "from": "2023-06-19T13:00:00Z"}	\N
f2d56a6c-5f13-4f84-987c-aec3c05496d2	2023-06-17 12:25:56.188104	2023-06-17 12:25:56.188104	Biologie LB2	{"to": "2023-06-19T15:00:00Z", "from": "2023-06-19T13:00:00Z"}	\N
a1cae41b-a9da-44e7-b3ba-dcde1638d756	2023-06-17 12:25:56.196854	2023-06-17 12:25:56.196854	Erdkunde	{"to": "2023-06-19T15:00:00Z", "from": "2023-06-19T13:00:00Z"}	\N
56661b72-3706-455d-8b0b-e9da06631bc2	2023-06-17 12:25:56.207474	2023-06-17 12:25:56.207474	Sport	{"to": "2023-06-19T16:00:00Z", "from": "2023-06-19T15:00:00Z"}	\N
ba30deeb-9664-4336-94bc-59f24a4e4edc	2023-06-17 12:25:58.843677	2023-06-17 12:25:58.843677	Happening A	{"to": "2024-01-01T10:00:00Z", "foo": "bar", "from": "2024-01-01T08:00:00Z"}	\N
2ef86914-dcdd-4abf-9a0b-79faf49032f8	2023-06-17 12:25:58.925832	2023-06-17 12:25:58.96619	create_get_update_happening happening 0	\N	\N
\.


--
-- Data for Name: check_in_out; Type: TABLE DATA; Schema: public; Owner: sven
--

COPY public.check_in_out (id, created_at, updated_at, member_id, happening_id, date, check_type, delay_minutes) FROM stdin;
1	2023-06-17 12:25:56.787588	2023-06-17 12:25:56.787588	04abbcba-d4d2-41c4-8ea9-80f9c7d2412c	b3120f8a-dfeb-4d83-bc49-fae33d3be605	2023-06-19 07:55:00	in	\N
2	2023-06-17 12:25:56.793446	2023-06-17 12:25:56.793446	125b80ba-7535-4d76-85c4-2ce6136a3507	b3120f8a-dfeb-4d83-bc49-fae33d3be605	2023-06-19 08:05:00	in	\N
3	2023-06-17 12:25:56.80019	2023-06-17 12:25:56.80019	c87a5076-2649-4613-854f-e0854deee0da	b3120f8a-dfeb-4d83-bc49-fae33d3be605	2023-06-19 08:10:00	in	\N
4	2023-06-17 12:25:56.806582	2023-06-17 12:25:56.806582	67bd2117-34b1-4f39-be33-7d0f89f1bb4e	b3120f8a-dfeb-4d83-bc49-fae33d3be605	2023-06-19 08:10:00	in	\N
5	2023-06-17 12:25:56.812711	2023-06-17 12:25:56.812711	1d05c8b7-c4c8-4c6c-9bfe-6e70069512e4	b3120f8a-dfeb-4d83-bc49-fae33d3be605	2023-06-19 08:15:00	in	\N
6	2023-06-17 12:25:56.819623	2023-06-17 12:25:56.819623	5623d51f-a40c-4428-a870-74accfe67bfb	b3120f8a-dfeb-4d83-bc49-fae33d3be605	2023-06-19 08:15:00	in	\N
7	2023-06-17 12:25:56.824874	2023-06-17 12:25:56.824874	1c783e7d-2fd7-493a-ba45-6814d23d8a6f	b3120f8a-dfeb-4d83-bc49-fae33d3be605	2023-06-19 08:15:00	in	\N
8	2023-06-17 12:25:56.830078	2023-06-17 12:25:56.830078	29125cdd-f4d1-4fd4-9737-8993102717da	b3120f8a-dfeb-4d83-bc49-fae33d3be605	2023-06-19 08:15:00	in	\N
9	2023-06-17 12:25:56.835062	2023-06-17 12:25:56.835062	c42756ed-2893-4db7-b8ba-a683e96b8439	aeb7ca91-a1c6-4a64-8469-1e64c3a5b56a	2023-06-19 08:15:00	in	\N
10	2023-06-17 12:25:56.840041	2023-06-17 12:25:56.840041	a97e683c-10ec-475e-a1c7-a74435ff9fb6	aeb7ca91-a1c6-4a64-8469-1e64c3a5b56a	2023-06-19 08:15:00	in	\N
11	2023-06-17 12:25:56.845356	2023-06-17 12:25:56.845356	04abbcba-d4d2-41c4-8ea9-80f9c7d2412c	b3120f8a-dfeb-4d83-bc49-fae33d3be605	2023-06-19 09:00:00	out	\N
12	2023-06-17 12:25:56.850363	2023-06-17 12:25:56.850363	125b80ba-7535-4d76-85c4-2ce6136a3507	b3120f8a-dfeb-4d83-bc49-fae33d3be605	2023-06-19 09:30:00	out	\N
13	2023-06-17 12:25:56.855529	2023-06-17 12:25:56.855529	c87a5076-2649-4613-854f-e0854deee0da	b3120f8a-dfeb-4d83-bc49-fae33d3be605	2023-06-19 10:00:00	out	\N
14	2023-06-17 12:25:56.860716	2023-06-17 12:25:56.860716	67bd2117-34b1-4f39-be33-7d0f89f1bb4e	b3120f8a-dfeb-4d83-bc49-fae33d3be605	2023-06-19 10:00:00	out	\N
15	2023-06-17 12:25:56.865885	2023-06-17 12:25:56.865885	1d05c8b7-c4c8-4c6c-9bfe-6e70069512e4	b3120f8a-dfeb-4d83-bc49-fae33d3be605	2023-06-19 10:00:00	out	\N
\.


--
-- Data for Name: contact; Type: TABLE DATA; Schema: public; Owner: sven
--

COPY public.contact (id, created_at, updated_at, member_id, type, value) FROM stdin;
\.


--
-- Data for Name: groups; Type: TABLE DATA; Schema: public; Owner: sven
--

COPY public.groups (id, created_at, updated_at, name) FROM stdin;
a1c292ae-ab89-42d5-aecb-70768ea1e9b3	2023-06-17 12:25:55.456417	2023-06-17 12:25:55.456417	Group A
6d538230-bb1e-45ef-a379-675b839bb5b5	2023-06-17 12:25:56.078461	2023-06-17 12:25:56.078461	Team A
768c0119-8343-4120-b27b-9db85275774f	2023-06-17 12:25:56.091548	2023-06-17 12:25:56.091548	Team B
e2babcdd-1554-4900-9b82-7622bf58067f	2023-06-17 12:25:58.730256	2023-06-17 12:25:58.763765	Group B
68c78810-7030-4866-bb31-bbe3394e25ba	2023-06-17 12:25:58.905884	2023-06-17 12:25:58.905884	create_get_update_happening group 0
\.


--
-- Data for Name: groups_happenings; Type: TABLE DATA; Schema: public; Owner: sven
--

COPY public.groups_happenings (id, created_at, updated_at, group_id, happening_id) FROM stdin;
1	2023-06-17 12:25:55.460857	2023-06-17 12:25:55.460857	a1c292ae-ab89-42d5-aecb-70768ea1e9b3	1c096e0e-b4c8-4682-bc52-1a6ba993f62f
2	2023-06-17 12:25:55.468206	2023-06-17 12:25:55.468206	a1c292ae-ab89-42d5-aecb-70768ea1e9b3	ee00d09d-804e-4bb5-ac7b-2bf645071f23
3	2023-06-17 12:25:56.101943	2023-06-17 12:25:56.101943	6d538230-bb1e-45ef-a379-675b839bb5b5	b3120f8a-dfeb-4d83-bc49-fae33d3be605
4	2023-06-17 12:25:56.11268	2023-06-17 12:25:56.11268	6d538230-bb1e-45ef-a379-675b839bb5b5	aeb7ca91-a1c6-4a64-8469-1e64c3a5b56a
5	2023-06-17 12:25:56.121399	2023-06-17 12:25:56.121399	6d538230-bb1e-45ef-a379-675b839bb5b5	01a366e7-65a7-418a-8848-4aba7be52a8f
6	2023-06-17 12:25:56.1318	2023-06-17 12:25:56.1318	768c0119-8343-4120-b27b-9db85275774f	fc0eef15-23cd-4767-bd34-07f82dbb02c1
7	2023-06-17 12:25:56.1404	2023-06-17 12:25:56.1404	6d538230-bb1e-45ef-a379-675b839bb5b5	d19594a4-a06f-4223-9323-b0899fa6aa91
8	2023-06-17 12:25:56.151362	2023-06-17 12:25:56.151362	6d538230-bb1e-45ef-a379-675b839bb5b5	b5e39320-46e1-436a-8ec4-4156d814f7aa
9	2023-06-17 12:25:56.159799	2023-06-17 12:25:56.159799	6d538230-bb1e-45ef-a379-675b839bb5b5	6779de62-db38-4986-ad73-76dd76f22816
10	2023-06-17 12:25:56.168369	2023-06-17 12:25:56.168369	768c0119-8343-4120-b27b-9db85275774f	fd8b4191-2184-490f-b298-7771b7fab726
11	2023-06-17 12:25:56.177091	2023-06-17 12:25:56.177091	6d538230-bb1e-45ef-a379-675b839bb5b5	1f989311-932b-415e-b8a2-738b34d2a14b
12	2023-06-17 12:25:56.188104	2023-06-17 12:25:56.188104	6d538230-bb1e-45ef-a379-675b839bb5b5	f2d56a6c-5f13-4f84-987c-aec3c05496d2
13	2023-06-17 12:25:56.196854	2023-06-17 12:25:56.196854	768c0119-8343-4120-b27b-9db85275774f	a1cae41b-a9da-44e7-b3ba-dcde1638d756
14	2023-06-17 12:25:56.207474	2023-06-17 12:25:56.207474	6d538230-bb1e-45ef-a379-675b839bb5b5	56661b72-3706-455d-8b0b-e9da06631bc2
15	2023-06-17 12:25:56.207474	2023-06-17 12:25:56.207474	768c0119-8343-4120-b27b-9db85275774f	56661b72-3706-455d-8b0b-e9da06631bc2
16	2023-06-17 12:25:58.925832	2023-06-17 12:25:58.925832	68c78810-7030-4866-bb31-bbe3394e25ba	2ef86914-dcdd-4abf-9a0b-79faf49032f8
\.


--
-- Data for Name: member_is_to_group; Type: TABLE DATA; Schema: public; Owner: sven
--

COPY public.member_is_to_group (id, created_at, updated_at, source_member_id, target_group_id, role) FROM stdin;
1	2023-06-17 12:25:56.078461	2023-06-17 12:25:56.078461	1bb1fa4d-a00b-4ec7-a3ab-98d937e88c22	6d538230-bb1e-45ef-a379-675b839bb5b5	responsible
2	2023-06-17 12:25:56.078461	2023-06-17 12:25:56.078461	3849e2f3-8790-442f-866d-1e00f10f54c0	6d538230-bb1e-45ef-a379-675b839bb5b5	responsible
3	2023-06-17 12:25:56.078461	2023-06-17 12:25:56.078461	9e628f6b-b1ae-4830-b981-29fb0a959df9	6d538230-bb1e-45ef-a379-675b839bb5b5	responsible
4	2023-06-17 12:25:56.091548	2023-06-17 12:25:56.091548	1bb1fa4d-a00b-4ec7-a3ab-98d937e88c22	768c0119-8343-4120-b27b-9db85275774f	responsible
5	2023-06-17 12:25:56.091548	2023-06-17 12:25:56.091548	3849e2f3-8790-442f-866d-1e00f10f54c0	768c0119-8343-4120-b27b-9db85275774f	responsible
6	2023-06-17 12:25:56.222459	2023-06-17 12:25:56.222459	04abbcba-d4d2-41c4-8ea9-80f9c7d2412c	6d538230-bb1e-45ef-a379-675b839bb5b5	participant
7	2023-06-17 12:25:56.229041	2023-06-17 12:25:56.229041	125b80ba-7535-4d76-85c4-2ce6136a3507	6d538230-bb1e-45ef-a379-675b839bb5b5	participant
8	2023-06-17 12:25:56.236251	2023-06-17 12:25:56.236251	c87a5076-2649-4613-854f-e0854deee0da	6d538230-bb1e-45ef-a379-675b839bb5b5	participant
9	2023-06-17 12:25:56.246666	2023-06-17 12:25:56.246666	67bd2117-34b1-4f39-be33-7d0f89f1bb4e	6d538230-bb1e-45ef-a379-675b839bb5b5	participant
10	2023-06-17 12:25:56.25575	2023-06-17 12:25:56.25575	1d05c8b7-c4c8-4c6c-9bfe-6e70069512e4	6d538230-bb1e-45ef-a379-675b839bb5b5	participant
11	2023-06-17 12:25:56.262359	2023-06-17 12:25:56.262359	5623d51f-a40c-4428-a870-74accfe67bfb	6d538230-bb1e-45ef-a379-675b839bb5b5	participant
12	2023-06-17 12:25:56.270589	2023-06-17 12:25:56.270589	1c783e7d-2fd7-493a-ba45-6814d23d8a6f	6d538230-bb1e-45ef-a379-675b839bb5b5	participant
13	2023-06-17 12:25:56.276753	2023-06-17 12:25:56.276753	29125cdd-f4d1-4fd4-9737-8993102717da	6d538230-bb1e-45ef-a379-675b839bb5b5	participant
14	2023-06-17 12:25:56.282718	2023-06-17 12:25:56.282718	c42756ed-2893-4db7-b8ba-a683e96b8439	6d538230-bb1e-45ef-a379-675b839bb5b5	participant
15	2023-06-17 12:25:56.288976	2023-06-17 12:25:56.288976	a97e683c-10ec-475e-a1c7-a74435ff9fb6	6d538230-bb1e-45ef-a379-675b839bb5b5	participant
16	2023-06-17 12:25:56.295339	2023-06-17 12:25:56.295339	1fb2afd1-7955-4dad-9abc-e64938f274d9	6d538230-bb1e-45ef-a379-675b839bb5b5	participant
17	2023-06-17 12:25:56.300973	2023-06-17 12:25:56.300973	e41f8bbe-8dc3-4c23-8a9e-4b9e06d0ed41	6d538230-bb1e-45ef-a379-675b839bb5b5	participant
18	2023-06-17 12:25:56.3067	2023-06-17 12:25:56.3067	192ca2a0-824a-46b6-94cb-a8add9f6f385	6d538230-bb1e-45ef-a379-675b839bb5b5	participant
19	2023-06-17 12:25:56.312713	2023-06-17 12:25:56.312713	20458f67-ed50-4258-9766-d5cc6a9e6709	6d538230-bb1e-45ef-a379-675b839bb5b5	participant
20	2023-06-17 12:25:56.318576	2023-06-17 12:25:56.318576	c4e16fad-12ba-499f-aba8-7e13b1b8bf7e	6d538230-bb1e-45ef-a379-675b839bb5b5	participant
21	2023-06-17 12:25:56.324498	2023-06-17 12:25:56.324498	7f8660b3-25a2-482e-91d5-f9f284feaeb1	6d538230-bb1e-45ef-a379-675b839bb5b5	participant
22	2023-06-17 12:25:56.33049	2023-06-17 12:25:56.33049	00b7f3c6-9ef1-4d20-ad23-3caf159cb575	6d538230-bb1e-45ef-a379-675b839bb5b5	participant
23	2023-06-17 12:25:56.336056	2023-06-17 12:25:56.336056	103be085-51cf-4db5-9668-96e79583b683	6d538230-bb1e-45ef-a379-675b839bb5b5	participant
24	2023-06-17 12:25:56.341844	2023-06-17 12:25:56.341844	85fad633-41cd-4abc-93f8-2f1bb25676d8	6d538230-bb1e-45ef-a379-675b839bb5b5	participant
25	2023-06-17 12:25:56.347361	2023-06-17 12:25:56.347361	458e94c5-9842-499c-93d7-2801e615bdf6	6d538230-bb1e-45ef-a379-675b839bb5b5	participant
26	2023-06-17 12:25:56.353007	2023-06-17 12:25:56.353007	e742a9c1-d1b0-4e2c-b362-283e067c7c5b	768c0119-8343-4120-b27b-9db85275774f	participant
27	2023-06-17 12:25:56.358688	2023-06-17 12:25:56.358688	2b1e38d8-189d-4033-8b72-a0de1cff8032	768c0119-8343-4120-b27b-9db85275774f	participant
28	2023-06-17 12:25:56.364463	2023-06-17 12:25:56.364463	6c47be2d-5471-4d43-a70b-cdcd45bf10c9	768c0119-8343-4120-b27b-9db85275774f	participant
29	2023-06-17 12:25:56.369951	2023-06-17 12:25:56.369951	fca4592f-5c75-4d0a-b98c-63649f04baf8	768c0119-8343-4120-b27b-9db85275774f	participant
30	2023-06-17 12:25:56.375489	2023-06-17 12:25:56.375489	5bee1b84-88ef-45bd-98f7-be407801ca02	768c0119-8343-4120-b27b-9db85275774f	participant
31	2023-06-17 12:25:56.381082	2023-06-17 12:25:56.381082	78378273-78f0-447e-9e11-978b03a76e2a	768c0119-8343-4120-b27b-9db85275774f	participant
32	2023-06-17 12:25:56.38668	2023-06-17 12:25:56.38668	544f32a0-d08d-45a5-a732-8c8a7e3cc7d6	768c0119-8343-4120-b27b-9db85275774f	participant
33	2023-06-17 12:25:56.392489	2023-06-17 12:25:56.392489	23736b8b-0afe-4fb5-b2e3-b5719e2e9af0	768c0119-8343-4120-b27b-9db85275774f	participant
34	2023-06-17 12:25:56.398443	2023-06-17 12:25:56.398443	b68a9050-47de-4f75-bd2e-3ba2857cf7c6	768c0119-8343-4120-b27b-9db85275774f	participant
35	2023-06-17 12:25:56.4039	2023-06-17 12:25:56.4039	8b8a12d9-f208-4525-8d23-356e79795e7c	768c0119-8343-4120-b27b-9db85275774f	participant
36	2023-06-17 12:25:56.409608	2023-06-17 12:25:56.409608	c9d3cfb1-59f6-434a-9b67-5e4aa2611a7a	768c0119-8343-4120-b27b-9db85275774f	participant
37	2023-06-17 12:25:56.414977	2023-06-17 12:25:56.414977	e214b3d9-8110-49f7-951c-1f8272ca2545	768c0119-8343-4120-b27b-9db85275774f	participant
38	2023-06-17 12:25:56.420639	2023-06-17 12:25:56.420639	6cb556d0-958d-4971-93b4-77df26b3882a	768c0119-8343-4120-b27b-9db85275774f	participant
39	2023-06-17 12:25:56.426366	2023-06-17 12:25:56.426366	fb1e011a-c974-4fdf-b26e-56bf8eaee7f9	768c0119-8343-4120-b27b-9db85275774f	participant
40	2023-06-17 12:25:56.43261	2023-06-17 12:25:56.43261	b95d7b97-c607-4ac5-99ff-20a04abf9e62	768c0119-8343-4120-b27b-9db85275774f	participant
41	2023-06-17 12:25:56.438186	2023-06-17 12:25:56.438186	1fe35956-4a52-4181-8269-48bb898988ea	768c0119-8343-4120-b27b-9db85275774f	participant
42	2023-06-17 12:25:56.443699	2023-06-17 12:25:56.443699	7e27bbfa-3daa-499f-8e51-05fd149ed33f	768c0119-8343-4120-b27b-9db85275774f	participant
43	2023-06-17 12:25:56.449387	2023-06-17 12:25:56.449387	8260af6a-b9de-4d97-934f-fabe927bfccd	768c0119-8343-4120-b27b-9db85275774f	participant
44	2023-06-17 12:25:56.45509	2023-06-17 12:25:56.45509	6295e161-1576-4698-81ac-05aaece54305	768c0119-8343-4120-b27b-9db85275774f	participant
45	2023-06-17 12:25:56.461064	2023-06-17 12:25:56.461064	7980c3b2-b481-4f91-a883-c90f2061b279	768c0119-8343-4120-b27b-9db85275774f	participant
46	2023-06-17 12:25:56.466789	2023-06-17 12:25:56.466789	adbb2fc7-e4ea-423b-8dff-84fac3ad7910	768c0119-8343-4120-b27b-9db85275774f	participant
47	2023-06-17 12:25:58.730256	2023-06-17 12:25:58.730256	72179ab7-ea72-454e-8480-9cbc36e19aa2	e2babcdd-1554-4900-9b82-7622bf58067f	responsible
48	2023-06-17 12:25:58.730256	2023-06-17 12:25:58.730256	e7d572a3-677e-44f8-b266-41088a78df3a	e2babcdd-1554-4900-9b82-7622bf58067f	responsible
49	2023-06-17 12:25:58.730256	2023-06-17 12:25:58.730256	0ade5d3a-1d69-490b-81b9-ad4e295aace5	e2babcdd-1554-4900-9b82-7622bf58067f	participant
50	2023-06-17 12:25:58.730256	2023-06-17 12:25:58.730256	1b7b1ee3-63cb-40fe-b17b-6a866c450851	e2babcdd-1554-4900-9b82-7622bf58067f	participant
51	2023-06-17 12:25:58.730256	2023-06-17 12:25:58.730256	1f06ce55-2334-4fa7-bd75-0544a3c6a91a	e2babcdd-1554-4900-9b82-7622bf58067f	participant
52	2023-06-17 12:25:58.905884	2023-06-17 12:25:58.905884	1a0e0a58-9dd9-423a-8090-2ce8caa05646	68c78810-7030-4866-bb31-bbe3394e25ba	responsible
53	2023-06-17 12:25:58.905884	2023-06-17 12:25:58.905884	720d2d38-f417-4607-9c51-e17cab839116	68c78810-7030-4866-bb31-bbe3394e25ba	responsible
54	2023-06-17 12:25:58.905884	2023-06-17 12:25:58.905884	9f43a988-ceda-4309-985c-7fad15355cda	68c78810-7030-4866-bb31-bbe3394e25ba	participant
55	2023-06-17 12:25:58.905884	2023-06-17 12:25:58.905884	07fefd19-cd8c-4527-af63-849b05c4e512	68c78810-7030-4866-bb31-bbe3394e25ba	participant
56	2023-06-17 12:25:58.905884	2023-06-17 12:25:58.905884	a1ede825-60a2-476b-bf4d-57d45cb76c07	68c78810-7030-4866-bb31-bbe3394e25ba	participant
\.


--
-- Data for Name: member_is_to_happening; Type: TABLE DATA; Schema: public; Owner: sven
--

COPY public.member_is_to_happening (id, created_at, updated_at, source_member_id, target_happening_id, role) FROM stdin;
1	2023-06-17 12:25:55.615217	2023-06-17 12:25:55.615217	1bb1fa4d-a00b-4ec7-a3ab-98d937e88c22	ee00d09d-804e-4bb5-ac7b-2bf645071f23	responsible
2	2023-06-17 12:25:55.615217	2023-06-17 12:25:55.615217	1bb1fa4d-a00b-4ec7-a3ab-98d937e88c22	1c096e0e-b4c8-4682-bc52-1a6ba993f62f	responsible
3	2023-06-17 12:25:56.101943	2023-06-17 12:25:56.101943	1bb1fa4d-a00b-4ec7-a3ab-98d937e88c22	b3120f8a-dfeb-4d83-bc49-fae33d3be605	responsible
4	2023-06-17 12:25:56.11268	2023-06-17 12:25:56.11268	3849e2f3-8790-442f-866d-1e00f10f54c0	aeb7ca91-a1c6-4a64-8469-1e64c3a5b56a	responsible
5	2023-06-17 12:25:56.121399	2023-06-17 12:25:56.121399	9e628f6b-b1ae-4830-b981-29fb0a959df9	01a366e7-65a7-418a-8848-4aba7be52a8f	responsible
6	2023-06-17 12:25:56.1318	2023-06-17 12:25:56.1318	0e9bd43d-3535-4ba8-b616-0a8ae6f304ce	fc0eef15-23cd-4767-bd34-07f82dbb02c1	responsible
7	2023-06-17 12:25:56.1404	2023-06-17 12:25:56.1404	1bb1fa4d-a00b-4ec7-a3ab-98d937e88c22	d19594a4-a06f-4223-9323-b0899fa6aa91	responsible
8	2023-06-17 12:25:56.1404	2023-06-17 12:25:56.1404	3849e2f3-8790-442f-866d-1e00f10f54c0	d19594a4-a06f-4223-9323-b0899fa6aa91	responsible
9	2023-06-17 12:25:56.151362	2023-06-17 12:25:56.151362	9e628f6b-b1ae-4830-b981-29fb0a959df9	b5e39320-46e1-436a-8ec4-4156d814f7aa	responsible
10	2023-06-17 12:25:56.159799	2023-06-17 12:25:56.159799	0e9bd43d-3535-4ba8-b616-0a8ae6f304ce	6779de62-db38-4986-ad73-76dd76f22816	responsible
11	2023-06-17 12:25:56.168369	2023-06-17 12:25:56.168369	76c54a29-2c14-4134-94a5-fe8899e699df	fd8b4191-2184-490f-b298-7771b7fab726	responsible
12	2023-06-17 12:25:56.177091	2023-06-17 12:25:56.177091	1bb1fa4d-a00b-4ec7-a3ab-98d937e88c22	1f989311-932b-415e-b8a2-738b34d2a14b	responsible
13	2023-06-17 12:25:56.177091	2023-06-17 12:25:56.177091	3849e2f3-8790-442f-866d-1e00f10f54c0	1f989311-932b-415e-b8a2-738b34d2a14b	responsible
14	2023-06-17 12:25:56.188104	2023-06-17 12:25:56.188104	9e628f6b-b1ae-4830-b981-29fb0a959df9	f2d56a6c-5f13-4f84-987c-aec3c05496d2	responsible
15	2023-06-17 12:25:56.196854	2023-06-17 12:25:56.196854	0e9bd43d-3535-4ba8-b616-0a8ae6f304ce	a1cae41b-a9da-44e7-b3ba-dcde1638d756	responsible
16	2023-06-17 12:25:56.196854	2023-06-17 12:25:56.196854	76c54a29-2c14-4134-94a5-fe8899e699df	a1cae41b-a9da-44e7-b3ba-dcde1638d756	responsible
17	2023-06-17 12:25:56.207474	2023-06-17 12:25:56.207474	1bb1fa4d-a00b-4ec7-a3ab-98d937e88c22	56661b72-3706-455d-8b0b-e9da06631bc2	responsible
18	2023-06-17 12:25:56.207474	2023-06-17 12:25:56.207474	3849e2f3-8790-442f-866d-1e00f10f54c0	56661b72-3706-455d-8b0b-e9da06631bc2	responsible
19	2023-06-17 12:25:56.207474	2023-06-17 12:25:56.207474	9e628f6b-b1ae-4830-b981-29fb0a959df9	56661b72-3706-455d-8b0b-e9da06631bc2	responsible
20	2023-06-17 12:25:58.925832	2023-06-17 12:25:58.925832	1a0e0a58-9dd9-423a-8090-2ce8caa05646	2ef86914-dcdd-4abf-9a0b-79faf49032f8	responsible
21	2023-06-17 12:25:58.925832	2023-06-17 12:25:58.925832	720d2d38-f417-4607-9c51-e17cab839116	2ef86914-dcdd-4abf-9a0b-79faf49032f8	responsible
22	2023-06-17 12:25:58.925832	2023-06-17 12:25:58.925832	9f43a988-ceda-4309-985c-7fad15355cda	2ef86914-dcdd-4abf-9a0b-79faf49032f8	participant
23	2023-06-17 12:25:58.925832	2023-06-17 12:25:58.925832	07fefd19-cd8c-4527-af63-849b05c4e512	2ef86914-dcdd-4abf-9a0b-79faf49032f8	participant
24	2023-06-17 12:25:58.925832	2023-06-17 12:25:58.925832	a1ede825-60a2-476b-bf4d-57d45cb76c07	2ef86914-dcdd-4abf-9a0b-79faf49032f8	participant
\.


--
-- Data for Name: member_is_to_member; Type: TABLE DATA; Schema: public; Owner: sven
--

COPY public.member_is_to_member (id, created_at, updated_at, source_member_id, target_member_id, role) FROM stdin;
\.


--
-- Data for Name: notes; Type: TABLE DATA; Schema: public; Owner: sven
--

COPY public.notes (id, created_at, updated_at, note, author_member_id, member_notes_list_id) FROM stdin;
\.


--
-- Data for Name: seaql_migrations; Type: TABLE DATA; Schema: public; Owner: sven
--

COPY public.seaql_migrations (version, applied_at) FROM stdin;
m20220101_000001_create_table	1687004754
\.


--
-- Name: check_in_out_id_seq; Type: SEQUENCE SET; Schema: public; Owner: sven
--

SELECT pg_catalog.setval('public.check_in_out_id_seq', 15, true);


--
-- Name: contact_id_seq; Type: SEQUENCE SET; Schema: public; Owner: sven
--

SELECT pg_catalog.setval('public.contact_id_seq', 1, false);


--
-- Name: groups_happenings_id_seq; Type: SEQUENCE SET; Schema: public; Owner: sven
--

SELECT pg_catalog.setval('public.groups_happenings_id_seq', 16, true);


--
-- Name: member_is_to_group_id_seq; Type: SEQUENCE SET; Schema: public; Owner: sven
--

SELECT pg_catalog.setval('public.member_is_to_group_id_seq', 56, true);


--
-- Name: member_is_to_happening_id_seq; Type: SEQUENCE SET; Schema: public; Owner: sven
--

SELECT pg_catalog.setval('public.member_is_to_happening_id_seq', 24, true);


--
-- Name: member_is_to_member_id_seq; Type: SEQUENCE SET; Schema: public; Owner: sven
--

SELECT pg_catalog.setval('public.member_is_to_member_id_seq', 1, false);


--
-- Name: member_notes_list_id_seq; Type: SEQUENCE SET; Schema: public; Owner: sven
--

SELECT pg_catalog.setval('public.member_notes_list_id_seq', 1, false);


--
-- Name: notes_id_seq; Type: SEQUENCE SET; Schema: public; Owner: sven
--

SELECT pg_catalog.setval('public.notes_id_seq', 1, false);


--
-- PostgreSQL database dump complete
--

