--
-- PostgreSQL database dump
--

-- Dumped from database version 14.8 (Ubuntu 14.8-0ubuntu0.22.04.1)
-- Dumped by pg_dump version 14.8 (Ubuntu 14.8-0ubuntu0.22.04.1)

SET statement_timeout = 0;
SET lock_timeout = 0;
SET idle_in_transaction_session_timeout = 0;
SET client_encoding = 'UTF8';
SET standard_conforming_strings = on;
SELECT pg_catalog.set_config('search_path', '', false);
SET check_function_bodies = false;
SET xmloption = content;
SET client_min_messages = warning;
SET row_security = off;

--
-- Data for Name: members; Type: TABLE DATA; Schema: public; Owner: sven
--

COPY public.members (id, created_at, updated_at, first_name, last_name, keycloak_id) FROM stdin;
7bdd774e-34ee-4f79-8b24-8afe0b49f032	2023-06-18 19:38:00.035299	2023-06-18 19:38:00.035299	Test	Seki01	1115cbc8-cbb7-4250-ab00-2e2003a58f5b
cf1ab622-e033-4e1f-b863-4b5209819d4d	2023-06-18 19:38:00.043764	2023-06-18 19:38:00.043764	Test	User001	d26a3222-3c06-4d75-9f01-9b1c2a3d9e4f
e57452f8-efaf-4dab-a5a9-b5433a10d2c3	2023-06-18 19:38:00.057607	2023-06-18 19:38:00.057607	Jayme	Payze	10e2e040-c8e6-4049-9589-a7956acb4b40
a618b7db-5058-49c6-b3c1-8ee6c2d80c5c	2023-06-18 19:38:00.06304	2023-06-18 19:38:00.06304	Lucie	Havenhand	2179f770-e6ae-4eb9-a268-f11efec1d735
6eb5088b-df78-4c55-b8a9-fdf6b50548a2	2023-06-18 19:38:00.068989	2023-06-18 19:38:00.068989	Dredi	Bende	32a60644-1933-49b2-a713-cf48b4ea3c20
82aa93f2-1638-4375-a896-36735c93d691	2023-06-18 19:38:00.074304	2023-06-18 19:38:00.074304	Kaitlin	Ackenson	510c1dd7-8816-484c-b598-19a6cc973069
269e2c65-5e6e-4f91-94f9-3145e0760404	2023-06-18 19:38:00.051054	2023-06-18 19:38:00.421394	Alick	McBeth	331dac72-9e2e-4677-a3fb-8cca168642be
377174cf-1a11-48a5-ac8f-973d982f4830	2023-06-18 19:38:01.021367	2023-06-18 19:38:01.021367	Thane	Jacqueminot	f2140e77-8767-422d-bafe-463e1c21ad70
1e676dae-4093-4d51-8055-9b29f296eb17	2023-06-18 19:38:01.028246	2023-06-18 19:38:01.028246	Halley	Dewhurst	1a6cd83d-4111-4dc9-bf25-6b435a2d1b0a
0a7b3406-fc36-4bd0-acb0-f02c16e97108	2023-06-18 19:38:01.03468	2023-06-18 19:38:01.03468	Langston	Sackes	7142e527-82ed-4a53-8eaf-413448e74ba6
f576e02e-c8c0-4f3e-88af-dc7aec83fa65	2023-06-18 19:38:01.040687	2023-06-18 19:38:01.040687	Bethina	Greenly	efc3b943-633f-41eb-b371-fa8c60efca71
c51a20f4-0965-4621-b030-d97cf94fb966	2023-06-18 19:38:01.046837	2023-06-18 19:38:01.046837	Andris	Speddin	e0be7e06-1e2c-4e29-bcd5-2ec7e0ca7678
b14bcc82-e68a-4251-b98c-8ad2b189e964	2023-06-18 19:38:01.052877	2023-06-18 19:38:01.052877	Duff	Harback	80e9dc01-e0e5-497a-9db9-277c437392d0
222f9cb2-3a66-43e0-8381-0d26ed09419d	2023-06-18 19:38:01.058988	2023-06-18 19:38:01.058988	Tildi	Crockley	2bdd0447-086e-4772-9392-56fb471f0b1a
b081f08f-0490-4103-b8ea-776b7942ad7d	2023-06-18 19:38:01.064944	2023-06-18 19:38:01.064944	Haze	Lawrie	3a33f06f-3ed6-4c09-ad8a-2dade26ac463
0f6ffc05-91d8-4209-879f-057fd4923e9d	2023-06-18 19:38:01.071651	2023-06-18 19:38:01.071651	Dennie	Coatts	998b0551-a546-4d70-91c9-ff5418bf2dca
2128c8f3-c048-470c-a1a9-2f7adf9daa27	2023-06-18 19:38:01.077772	2023-06-18 19:38:01.077772	Georgina	Starrs	53cbd2c1-235c-4219-877d-5f09a76f3687
f798cb9c-1178-4804-8a46-aeb40f545779	2023-06-18 19:38:01.084031	2023-06-18 19:38:01.084031	Gayle	Mardy	12bedc5f-4f4f-438a-b718-0694503110cc
8a205b23-eb3d-4004-9aee-3b4e8da4ad99	2023-06-18 19:38:01.090078	2023-06-18 19:38:01.090078	Dieter	Wogden	58661b8e-4f0b-4fb8-ac51-e73058c54420
4523d43b-12c0-4293-974a-d58a000ff901	2023-06-18 19:38:01.096024	2023-06-18 19:38:01.096024	Katerina	Hamprecht	2582b971-8f51-495d-accd-2258de1368f1
ac300a8c-57af-44c5-b237-6cb8ac24e58b	2023-06-18 19:38:01.104312	2023-06-18 19:38:01.104312	Krystle	Liddall	1d12dfe2-d530-4b01-b76d-e66e3606d296
a7d92dd5-225d-429e-94d3-98b495606bbc	2023-06-18 19:38:01.111418	2023-06-18 19:38:01.111418	Mohandas	Cruttenden	ae7bbb1e-fe8e-4e1b-9e9d-b0bf52282ac8
084578ec-3245-4f93-a8e4-bbf1323c968f	2023-06-18 19:38:01.117134	2023-06-18 19:38:01.117134	Alair	Moizer	b22503ab-7f25-4b76-99d7-4dc8cde855b5
a8e30a82-1ff5-4f9c-8675-657a4a4820a4	2023-06-18 19:38:01.122922	2023-06-18 19:38:01.122922	Tate	Zorzutti	85bb06c0-b225-420c-8f4b-9ae1fea82ccd
f026037a-39d5-423b-9426-afd68afd2a31	2023-06-18 19:38:01.128571	2023-06-18 19:38:01.128571	Paulita	Macallam	3b0ed713-beb4-44a3-87aa-f9ca4626a0fb
ad9d3f98-f9b7-46ad-9cbb-3ff38f00b64f	2023-06-18 19:38:01.134461	2023-06-18 19:38:01.134461	Oralle	Mote	cf87439c-8fe7-4bb3-a1e7-87ab25cec697
a46a9d35-4db8-4be7-9e26-76bc4bff35ef	2023-06-18 19:38:01.140208	2023-06-18 19:38:01.140208	Jacobo	Brockie	89e7577d-82d1-4e62-9b56-b7701a0d6277
04aedf23-4f42-4dbb-ac6e-a1e37847fd20	2023-06-18 19:38:01.146112	2023-06-18 19:38:01.146112	Mord	Strike	94d0057c-db92-40da-8f16-6b69f1a71d3e
b65ce386-0633-49a2-848a-70fc971ddc9d	2023-06-18 19:38:01.152001	2023-06-18 19:38:01.152001	Emmye	Ivanshintsev	6b0253e2-27f6-4f8e-85ca-059a21cef78c
cf1b6216-d265-48ed-b0e3-f82dcaebfbd2	2023-06-18 19:38:01.157839	2023-06-18 19:38:01.157839	Nixie	Halloran	202de433-6340-462d-95c9-53b18a1de156
1dd4ae51-03a1-4a0b-85f8-1a4cf8ac825e	2023-06-18 19:38:01.164067	2023-06-18 19:38:01.164067	Gaultiero	Learmount	cb83dbe2-369b-4ef2-ade1-6b12eb8c1c06
bc2f9cfd-f93b-4c18-b260-57869e432ee3	2023-06-18 19:38:01.169801	2023-06-18 19:38:01.169801	Karrie	Greenham	18a6edeb-8f02-482c-839c-3b9483e5ddad
a6e45a92-cb9e-4c13-a308-5408a457ddc1	2023-06-18 19:38:01.175456	2023-06-18 19:38:01.175456	Fionnula	Scorah	0bba7922-906f-4483-bb1d-f52a5ffc1aaa
55cf4520-33b7-4c6e-b2ec-a2d331e162e9	2023-06-18 19:38:01.181288	2023-06-18 19:38:01.181288	Bartlet	Jonah	a795d795-4e98-4cdb-9be0-0635a6c90afe
dcf2224d-22eb-40ba-9c3f-e7a7dabfadd5	2023-06-18 19:38:01.187128	2023-06-18 19:38:01.187128	Norene	Marques	3d8c1b11-cdb2-4f78-9e21-238d4fa4318c
9dc39b74-79f4-4566-9b45-0cc557171da6	2023-06-18 19:38:01.192854	2023-06-18 19:38:01.192854	De witt	Bramwich	1fb0e333-7582-499d-b4c2-d566c51581d4
f7a4d783-b3c1-44ad-a615-2cd8147b4a62	2023-06-18 19:38:01.198647	2023-06-18 19:38:01.198647	Chadwick	Keggin	5b1673c7-494f-4d65-ae30-a2057742ba45
bde0e010-7725-4363-9c52-8207dedeaa69	2023-06-18 19:38:01.204494	2023-06-18 19:38:01.204494	Zebulon	Neilus	033ca50b-3e5a-4e8b-bd60-ac3e1dcc6887
b9b862b7-408c-4a9b-a113-725d485206c0	2023-06-18 19:38:01.210372	2023-06-18 19:38:01.210372	Allayne	Strattan	91bdbef3-4376-4539-8b26-e04af7a414bd
0f86f8e7-ddfe-4e67-a059-ef3b4ff65de7	2023-06-18 19:38:01.216119	2023-06-18 19:38:01.216119	Nariko	Giggs	4a8dc4b4-cd57-4191-9276-d473dd69bafb
4c286853-d2d4-465b-935e-2a605fcbb8f7	2023-06-18 19:38:01.221916	2023-06-18 19:38:01.221916	Ragnar	Boate	4066b39d-364c-42c8-997e-4c867f30f553
1f1e1a3d-1ede-4897-b80d-c80f3f3c4618	2023-06-18 19:38:01.227789	2023-06-18 19:38:01.227789	Aundrea	Wride	2b15abfe-02d2-49c2-ac67-7548f3e1df7b
b3b33268-414f-4fcd-aa92-c9b8a542d98e	2023-06-18 19:38:01.233802	2023-06-18 19:38:01.233802	Joey	Strewthers	3784a276-bbfe-42eb-a323-05f0be3f8f9a
b698dc0b-31f8-435b-b6c2-e472f768a904	2023-06-18 19:38:01.239599	2023-06-18 19:38:01.239599	Charlotte	Rosterne	bb5d0372-0bf3-4d16-90bd-af0cf01eb665
85b7fae4-4612-40f2-84ca-fe1f31887d69	2023-06-18 19:38:01.245372	2023-06-18 19:38:01.245372	Robina	Banes	69c9106a-b40f-4946-b2ca-93bc6e45779e
6f0ac53c-f2ec-4d09-af88-ad744f2dc77c	2023-06-18 19:38:01.251197	2023-06-18 19:38:01.251197	Farleigh	Giovannelli	90a484b8-f0f8-49e1-a92a-ee8152ff3681
ed651508-c060-4856-8581-7df031fccd40	2023-06-18 19:38:01.256823	2023-06-18 19:38:01.256823	Margy	Todarini	e6781fd5-c4b1-47ea-8407-fef57b2e57ad
aa0451cf-bf2d-4d01-92d6-e9975bedf277	2023-06-18 19:38:01.262697	2023-06-18 19:38:01.262697	Webb	Louder	\N
bcc9d87a-a94f-46bf-9854-3a27b2f96a11	2023-06-18 19:38:01.268407	2023-06-18 19:38:01.268407	Camella	Staterfield	\N
47d62bb3-4bd1-48b8-95bc-51d07d6c0909	2023-06-18 19:38:01.272708	2023-06-18 19:38:01.272708	Lilias	Cavey	\N
7eb1052d-c134-4bbb-99ea-5c8bb70de441	2023-06-18 19:38:01.276891	2023-06-18 19:38:01.276891	Elia	Pawlicki	\N
c089e3b3-bba6-4caf-8ea5-b50fa4d5b1ca	2023-06-18 19:38:01.281292	2023-06-18 19:38:01.281292	Ailene	Teresse	\N
ece9a655-4950-4626-b8b5-b4f8cfbf40e6	2023-06-18 19:38:01.285493	2023-06-18 19:38:01.285493	Serene	Ellens	\N
a95c2cc2-49f7-459f-a7d4-e2c3e4a498a5	2023-06-18 19:38:01.289708	2023-06-18 19:38:01.289708	Ashleigh	Cottee	\N
5623b81b-cd44-43e8-be91-40495ae5d5f9	2023-06-18 19:38:01.293938	2023-06-18 19:38:01.293938	Hephzibah	Curuclis	\N
9b0dcdad-8fc6-4a10-b672-8e8e915f7d4c	2023-06-18 19:38:01.298284	2023-06-18 19:38:01.298284	Remus	Brownsword	\N
646c68ba-6f00-408c-be4d-3d77fe7a740f	2023-06-18 19:38:01.302556	2023-06-18 19:38:01.302556	Myles	Clac	\N
8b021b59-61b6-4974-bcb6-2afa1d31db15	2023-06-18 19:38:01.306776	2023-06-18 19:38:01.306776	Wilbur	Paternoster	\N
07f4d810-32c4-4bc1-b2fd-3bd9eafee5c7	2023-06-18 19:38:01.311244	2023-06-18 19:38:01.311244	Modesta	Dewes	\N
e964e724-d1e8-4c84-8149-d6ffa55ba6c7	2023-06-18 19:38:01.315477	2023-06-18 19:38:01.315477	Wally	Sandom	\N
f0d48430-accc-4f91-895e-337cd82aee2a	2023-06-18 19:38:01.319692	2023-06-18 19:38:01.319692	Carlin	Ivashinnikov	\N
4338a556-6134-4169-b1ec-b3c82c76b038	2023-06-18 19:38:01.323914	2023-06-18 19:38:01.323914	Bradney	Lenney	\N
7ea02a52-2f63-43c0-be5c-050b63ca8338	2023-06-18 19:38:01.328115	2023-06-18 19:38:01.328115	Hurley	Titterington	\N
7b9937b3-0449-4ad8-b3e9-4733693dc944	2023-06-18 19:38:01.332513	2023-06-18 19:38:01.332513	Adrienne	Nutter	\N
328be776-2ff6-4516-a47f-3618d5613474	2023-06-18 19:38:01.336773	2023-06-18 19:38:01.336773	Mellie	Tafani	\N
ca37b58a-0974-4b27-921d-4b90032d190b	2023-06-18 19:38:01.340917	2023-06-18 19:38:01.340917	Bartholomew	Hoy	\N
3e201260-9dcf-43a1-a71d-9ab71fa45c6d	2023-06-18 19:38:01.345297	2023-06-18 19:38:01.345297	Deeann	Hexum	\N
a5642d7d-b908-4102-a0d0-85103d6a754c	2023-06-18 19:38:01.349473	2023-06-18 19:38:01.349473	Avie	Curner	\N
ae245dad-77b7-42e7-8fdb-aca139c9e2cf	2023-06-18 19:38:01.353815	2023-06-18 19:38:01.353815	Niels	Mackerness	\N
2f43a16c-c1bd-49b9-9b91-16ad3e3f3311	2023-06-18 19:38:01.358008	2023-06-18 19:38:01.358008	Saw	Tidcombe	\N
273a758a-cff3-455c-8793-a16a5cfe89ff	2023-06-18 19:38:01.362269	2023-06-18 19:38:01.362269	Claybourne	De Ruel	\N
99e05d74-7b4c-4119-ae7e-3d60e842e7ae	2023-06-18 19:38:01.366484	2023-06-18 19:38:01.366484	Brendis	Wisedale	\N
1f2cdaf9-589d-4959-8d06-bc9b29ccd7fb	2023-06-18 19:38:01.370755	2023-06-18 19:38:01.370755	Noah	Laurencot	\N
b7834ab3-b0ca-4b7b-94a2-750410784f37	2023-06-18 19:38:01.37518	2023-06-18 19:38:01.37518	Millicent	Cottam	\N
98d2ed8c-43bd-418c-a266-7de647f7229b	2023-06-18 19:38:01.379448	2023-06-18 19:38:01.379448	Morgana	Magwood	\N
0f050f20-b77e-41d4-94b6-ea1b4e1f5506	2023-06-18 19:38:01.383709	2023-06-18 19:38:01.383709	Arlen	Lorriman	\N
3fb69e25-1435-45de-bc70-a86c2b471306	2023-06-18 19:38:01.387949	2023-06-18 19:38:01.387949	Alanah	Firsby	\N
622a771a-9d15-4f69-9f12-8170b348eb18	2023-06-18 19:38:01.392252	2023-06-18 19:38:01.392252	Raphaela	Newlove	\N
8083e3a2-f717-41f9-8704-6f6c54cbcd60	2023-06-18 19:38:01.396547	2023-06-18 19:38:01.396547	Breanne	Keasy	\N
d587853b-2288-444d-a370-2ba04a052af7	2023-06-18 19:38:01.400852	2023-06-18 19:38:01.400852	Willem	Detloff	\N
c2bf3929-e261-4390-9279-839bbd96b881	2023-06-18 19:38:01.405175	2023-06-18 19:38:01.405175	Alwyn	Dillinger	\N
b6a8b4cf-d266-4854-a407-ad3641da22e1	2023-06-18 19:38:01.409712	2023-06-18 19:38:01.409712	Rudie	Robe	\N
12e0531e-bfcf-4144-b433-8527bee44659	2023-06-18 19:38:01.413984	2023-06-18 19:38:01.413984	Hewett	Iacovielli	\N
55064a79-b35e-4e29-bd33-2ee882507462	2023-06-18 19:38:01.418304	2023-06-18 19:38:01.418304	Olia	Audiss	\N
ebeb4705-3769-438f-babf-b83e34f721dc	2023-06-18 19:38:01.422577	2023-06-18 19:38:01.422577	Herc	Maguire	\N
2e016626-43bd-475a-96d0-f2d19aa73434	2023-06-18 19:38:01.426829	2023-06-18 19:38:01.426829	Farrand	Armstead	\N
d8318103-fc18-4a9c-a1df-8127abd5822c	2023-06-18 19:38:01.431199	2023-06-18 19:38:01.431199	Pier	Ripper	\N
bd72165a-e18a-468a-84bd-ed26285496e6	2023-06-18 19:38:01.435509	2023-06-18 19:38:01.435509	Timmi	Willmot	\N
171fbfc9-b5ea-40c1-a82a-87907cf6dab7	2023-06-18 19:38:01.439766	2023-06-18 19:38:01.439766	Simmonds	Ennion	\N
50e8117c-5015-4a24-b3cd-663e39fa0297	2023-06-18 19:38:01.444027	2023-06-18 19:38:01.444027	Eziechiele	Balding	\N
0a4c368a-22f2-4d3c-afb0-b04ee5f281dd	2023-06-18 19:38:01.448448	2023-06-18 19:38:01.448448	Bess	Kupker	\N
97dbd5d7-0bfc-4354-b9b6-dbcb9e679f25	2023-06-18 19:38:01.452781	2023-06-18 19:38:01.452781	Hurley	Olney	\N
6a3ca773-a736-4a1d-9bd4-27bffd5f4151	2023-06-18 19:38:01.457013	2023-06-18 19:38:01.457013	Lee	Bourrel	\N
93d8e755-bfce-49ea-a9a8-e2a259430a5d	2023-06-18 19:38:01.461364	2023-06-18 19:38:01.461364	Scotti	Tertre	\N
42815a59-686e-4930-a44e-0d16283ae26a	2023-06-18 19:38:01.47036	2023-06-18 19:38:01.47036	Ray	Ropp	\N
e54b21da-1425-4b00-a0e9-e7e6935510b4	2023-06-18 19:38:01.478881	2023-06-18 19:38:01.478881	Pascale	McPharlain	\N
57c912e2-2a9d-45f7-8b2f-2662057ad413	2023-06-18 19:38:01.48753	2023-06-18 19:38:01.48753	Carly	Stilwell	\N
c49796cc-462d-4444-b96d-2d75f088605c	2023-06-18 19:38:01.496127	2023-06-18 19:38:01.496127	Hurlee	Cambden	\N
8251dc14-ae7d-44a2-9b89-687735934e07	2023-06-18 19:38:01.504892	2023-06-18 19:38:01.504892	Alasteir	Loney	\N
7b8f48cc-4aef-4696-9b7d-e8231d6918e5	2023-06-18 19:38:01.513597	2023-06-18 19:38:01.513597	Lamar	Benduhn	\N
bf9724bc-cd9d-4ae3-863d-e52ebf12359d	2023-06-18 19:38:01.522066	2023-06-18 19:38:01.522066	Baldwin	Dwyer	\N
ca6ef16e-544a-4b9d-8ad9-8335a22f948a	2023-06-18 19:38:01.530628	2023-06-18 19:38:01.530628	Stanleigh	Nelane	\N
1c381398-1031-4f82-a902-764a24f61556	2023-06-18 19:38:01.53906	2023-06-18 19:38:01.53906	Nickolaus	Malins	\N
d76c7ab8-79ac-478b-8362-e8ca758fd79e	2023-06-18 19:38:01.547483	2023-06-18 19:38:01.547483	Franzen	Caulder	\N
fd722fc3-57bd-406c-b3f7-a9b3b7aebb40	2023-06-18 19:38:01.555927	2023-06-18 19:38:01.555927	Martyn	MacRitchie	\N
8588c61e-8db4-45c6-86e0-7403bff6296f	2023-06-18 19:38:04.038739	2023-06-18 19:38:04.038739	create_get_update_happening participants	Nr 2	\N
fc9edc1c-9e39-44de-b33b-234200d5acb4	2023-06-18 19:38:01.465951	2023-06-18 19:38:01.465951	Marty	Rust	\N
ec3ade4c-eb53-4cbc-b013-5f43d03cf034	2023-06-18 19:38:01.47465	2023-06-18 19:38:01.47465	Jessica	Clench	\N
966e515f-381b-40ce-a70d-51cf983b95a4	2023-06-18 19:38:01.483228	2023-06-18 19:38:01.483228	Rosa	Nisius	\N
34496b65-b50b-4b1b-9de5-a08a05cb5ed3	2023-06-18 19:38:01.491808	2023-06-18 19:38:01.491808	Philippa	Jentzsch	\N
dfe3bc2f-95ab-4359-a04c-1fcd5b85af56	2023-06-18 19:38:01.500549	2023-06-18 19:38:01.500549	Axel	Chestney	\N
ed65c429-8833-4676-866c-6cd442c9e95e	2023-06-18 19:38:01.509349	2023-06-18 19:38:01.509349	Walden	Oliva	\N
3eebccb4-eeda-4a0f-a55b-3a490d2b9269	2023-06-18 19:38:01.517825	2023-06-18 19:38:01.517825	Sissy	Hallatt	\N
cd15a81f-2092-43a6-9cc2-6a1b443a1050	2023-06-18 19:38:01.526337	2023-06-18 19:38:01.526337	Kalina	Loder	\N
9728486d-3b84-4391-abfa-913ce6093976	2023-06-18 19:38:01.53484	2023-06-18 19:38:01.53484	Morganne	Bartlomieczak	\N
dab11bad-f8ce-47e9-b470-10e8a24d7489	2023-06-18 19:38:01.543282	2023-06-18 19:38:01.543282	Roze	Grinyer	\N
4afee9c6-7667-447c-a063-7230d580605d	2023-06-18 19:38:01.55168	2023-06-18 19:38:01.55168	Christoper	Crowley	\N
cf3ffd4f-de90-48f4-98c7-416426c6ad68	2023-06-18 19:38:01.560172	2023-06-18 19:38:01.560172	Phil	Hoyte	\N
d7657915-61bd-465f-8983-ad91e3def24f	2023-06-18 19:38:03.836614	2023-06-18 19:38:03.836614	create_get_update_group responsibles	Nr 0	\N
7f5e7a0f-6ce8-4731-8ef6-53efc2175aec	2023-06-18 19:38:03.841369	2023-06-18 19:38:03.841369	create_get_update_group responsibles	Nr 1	\N
9b68a61e-1920-4a01-b211-32a0b44c929a	2023-06-18 19:38:03.845711	2023-06-18 19:38:03.845711	create_get_update_group participants	Nr 0	\N
8cffe0bb-90f3-4ad6-802b-c981cac4a09d	2023-06-18 19:38:03.850799	2023-06-18 19:38:03.850799	create_get_update_group participants	Nr 1	\N
cbd35807-1f5b-4e5e-9a2b-45441ce6aa54	2023-06-18 19:38:03.85568	2023-06-18 19:38:03.85568	create_get_update_group participants	Nr 2	\N
7eb67a7f-695d-4848-adfa-f855ddf83f80	2023-06-18 19:38:04.017491	2023-06-18 19:38:04.017491	create_get_update_happening responsibles	Nr 0	\N
6e9f12d3-84dd-4dbf-b596-c20c611105d8	2023-06-18 19:38:04.021704	2023-06-18 19:38:04.021704	create_get_update_happening responsibles	Nr 1	\N
a274a59a-1daf-4586-9b9f-d4fafd1a18f0	2023-06-18 19:38:04.026079	2023-06-18 19:38:04.026079	create_get_update_happening participants	Nr 0	\N
1d515155-4b3e-4ae1-a52d-bdbedfb915a6	2023-06-18 19:38:04.033101	2023-06-18 19:38:04.033101	create_get_update_happening participants	Nr 1	\N
91f92196-98e9-44ad-a8c7-c8289a869b32	2023-06-18 19:38:04.411069	2023-06-18 19:38:04.448009	create_get	update_member	7182f789-9914-41a0-a3a3-d53f6fce023d
\.


--
-- Data for Name: member_notes_list; Type: TABLE DATA; Schema: public; Owner: sven
--

COPY public.member_notes_list (id, created_at, updated_at, member_id, type) FROM stdin;
\.


--
-- Data for Name: absents; Type: TABLE DATA; Schema: public; Owner: sven
--

COPY public.absents (id, created_at, updated_at, member_id, reason, from_date, until_date, canceled, member_notes_list_id, note) FROM stdin;
bae0cf38-04b1-4fd3-8508-e6bcc5973156	2023-06-18 19:38:01.963592	2023-06-18 19:38:01.963592	ad9d3f98-f9b7-46ad-9cbb-3ff38f00b64f	ill	2023-06-19 08:00:00	2023-06-19 18:00:00	f	\N	\N
be9076bb-23f9-4c5a-92db-6030ea481640	2023-06-18 19:38:01.969684	2023-06-18 19:38:01.969684	a46a9d35-4db8-4be7-9e26-76bc4bff35ef	ill	2023-06-19 09:00:00	2023-06-19 10:00:00	f	\N	\N
\.


--
-- Data for Name: happenings; Type: TABLE DATA; Schema: public; Owner: sven
--

COPY public.happenings (id, created_at, updated_at, name, props, checked_in_filter) FROM stdin;
fd0f1751-4232-4c21-af2d-13dc3968d183	2023-06-18 19:38:00.270868	2023-06-18 19:38:00.270868	Sport	{"to": "2024-01-01T10:00:00Z", "bar": "foo", "foo": "bar", "from": "2024-01-01T08:00:00Z"}	\N
fbb353e6-a099-4d22-bfc1-d7cd71da7673	2023-06-18 19:38:00.279184	2023-06-18 19:38:00.279184	Erdkunde	{"to": "2024-01-01T10:00:00Z", "from": "2024-01-01T09:00:00Z"}	\N
b0f69da8-9d90-4e10-879d-f2bcdc65d9fe	2023-06-18 19:38:00.905483	2023-06-18 19:38:00.905483	Mathe LB1	{"to": "2023-06-19T10:00:00Z", "from": "2023-06-19T08:00:00Z"}	\N
7c147585-e12a-432f-b6af-317513c1e588	2023-06-18 19:38:00.915608	2023-06-18 19:38:00.915608	Französisch LB2	{"to": "2023-06-19T10:00:00Z", "from": "2023-06-19T08:00:00Z"}	\N
2e71d8ad-4b6a-4558-bbad-6066fbee9156	2023-06-18 19:38:00.924065	2023-06-18 19:38:00.924065	Physik LB3	{"to": "2023-06-19T10:00:00Z", "from": "2023-06-19T08:00:00Z"}	\N
25c22a87-9246-4c74-a915-4d2ec062a058	2023-06-18 19:38:00.932662	2023-06-18 19:38:00.932662	Deutsch	{"to": "2023-06-19T10:00:00Z", "from": "2023-06-19T08:00:00Z"}	\N
85271ecb-a530-427e-b8db-ca312fb51fe3	2023-06-18 19:38:00.941519	2023-06-18 19:38:00.941519	Kunst LB1	{"to": "2023-06-19T12:00:00Z", "from": "2023-06-19T10:00:00Z"}	\N
a4a87d01-0173-4b9f-8c82-3a987798c49f	2023-06-18 19:38:00.952559	2023-06-18 19:38:00.952559	Politik LB2	{"to": "2023-06-19T12:00:00Z", "from": "2023-06-19T10:00:00Z"}	\N
bbf3affb-51e2-49f8-90ac-057713ba3f2a	2023-06-18 19:38:00.961006	2023-06-18 19:38:00.961006	Deutsch LB3	{"to": "2023-06-19T12:00:00Z", "from": "2023-06-19T10:00:00Z"}	\N
f9a07b16-ec95-4444-afaa-b5f01f2aed8b	2023-06-18 19:38:00.969461	2023-06-18 19:38:00.969461	Mathe	{"to": "2023-06-19T12:00:00Z", "from": "2023-06-19T10:00:00Z"}	\N
1fb8e801-6ee2-4b9e-b1fb-a3462bf99bd4	2023-06-18 19:38:00.977973	2023-06-18 19:38:00.977973	Spanisch LB1	{"to": "2023-06-19T15:00:00Z", "from": "2023-06-19T13:00:00Z"}	\N
02f3fd5e-b421-40f8-a2b8-ca2457c4f0b3	2023-06-18 19:38:00.988677	2023-06-18 19:38:00.988677	Biologie LB2	{"to": "2023-06-19T15:00:00Z", "from": "2023-06-19T13:00:00Z"}	\N
fefa19e8-19fa-45e1-beb9-8987f7236c22	2023-06-18 19:38:00.996648	2023-06-18 19:38:00.996648	Erdkunde	{"to": "2023-06-19T15:00:00Z", "from": "2023-06-19T13:00:00Z"}	\N
31443834-22d7-4fb9-9bf8-61f722ba85d5	2023-06-18 19:38:01.007314	2023-06-18 19:38:01.007314	Sport	{"to": "2023-06-19T16:00:00Z", "from": "2023-06-19T15:00:00Z"}	\N
bcac69c4-9609-404c-86fd-a1648e2d32f1	2023-06-18 19:38:03.977842	2023-06-18 19:38:03.977842	Happening A	{"to": "2024-01-01T10:00:00Z", "foo": "bar", "from": "2024-01-01T08:00:00Z"}	\N
14b97e84-838b-4110-8483-45606fdd3ab5	2023-06-18 19:38:04.061385	2023-06-18 19:38:04.101136	create_get_update_happening happening 0	\N	\N
\.


--
-- Data for Name: check_in_out; Type: TABLE DATA; Schema: public; Owner: sven
--

COPY public.check_in_out (id, created_at, updated_at, member_id, happening_id, date, check_type, delay_minutes) FROM stdin;
1	2023-06-18 19:38:01.616228	2023-06-18 19:38:01.616228	377174cf-1a11-48a5-ac8f-973d982f4830	b0f69da8-9d90-4e10-879d-f2bcdc65d9fe	2023-06-19 07:55:00	in	\N
2	2023-06-18 19:38:01.632889	2023-06-18 19:38:01.632889	1e676dae-4093-4d51-8055-9b29f296eb17	b0f69da8-9d90-4e10-879d-f2bcdc65d9fe	2023-06-19 08:05:00	in	\N
3	2023-06-18 19:38:01.650606	2023-06-18 19:38:01.650606	0a7b3406-fc36-4bd0-acb0-f02c16e97108	b0f69da8-9d90-4e10-879d-f2bcdc65d9fe	2023-06-19 08:10:00	in	\N
4	2023-06-18 19:38:01.666778	2023-06-18 19:38:01.666778	f576e02e-c8c0-4f3e-88af-dc7aec83fa65	b0f69da8-9d90-4e10-879d-f2bcdc65d9fe	2023-06-19 08:10:00	in	\N
5	2023-06-18 19:38:01.782641	2023-06-18 19:38:01.782641	c51a20f4-0965-4621-b030-d97cf94fb966	b0f69da8-9d90-4e10-879d-f2bcdc65d9fe	2023-06-19 08:15:00	in	\N
6	2023-06-18 19:38:01.798897	2023-06-18 19:38:01.798897	b14bcc82-e68a-4251-b98c-8ad2b189e964	b0f69da8-9d90-4e10-879d-f2bcdc65d9fe	2023-06-19 08:15:00	in	\N
7	2023-06-18 19:38:01.814827	2023-06-18 19:38:01.814827	222f9cb2-3a66-43e0-8381-0d26ed09419d	b0f69da8-9d90-4e10-879d-f2bcdc65d9fe	2023-06-19 08:15:00	in	\N
8	2023-06-18 19:38:01.830978	2023-06-18 19:38:01.830978	b081f08f-0490-4103-b8ea-776b7942ad7d	b0f69da8-9d90-4e10-879d-f2bcdc65d9fe	2023-06-19 08:15:00	in	\N
9	2023-06-18 19:38:01.89732	2023-06-18 19:38:01.89732	0f6ffc05-91d8-4209-879f-057fd4923e9d	7c147585-e12a-432f-b6af-317513c1e588	2023-06-19 08:15:00	in	\N
10	2023-06-18 19:38:01.912238	2023-06-18 19:38:01.912238	2128c8f3-c048-470c-a1a9-2f7adf9daa27	7c147585-e12a-432f-b6af-317513c1e588	2023-06-19 08:15:00	in	\N
11	2023-06-18 19:38:01.917498	2023-06-18 19:38:01.917498	377174cf-1a11-48a5-ac8f-973d982f4830	b0f69da8-9d90-4e10-879d-f2bcdc65d9fe	2023-06-19 09:00:00	out	\N
12	2023-06-18 19:38:01.922762	2023-06-18 19:38:01.922762	1e676dae-4093-4d51-8055-9b29f296eb17	b0f69da8-9d90-4e10-879d-f2bcdc65d9fe	2023-06-19 09:30:00	out	\N
13	2023-06-18 19:38:01.927895	2023-06-18 19:38:01.927895	0a7b3406-fc36-4bd0-acb0-f02c16e97108	b0f69da8-9d90-4e10-879d-f2bcdc65d9fe	2023-06-19 10:00:00	out	\N
14	2023-06-18 19:38:01.932866	2023-06-18 19:38:01.932866	f576e02e-c8c0-4f3e-88af-dc7aec83fa65	b0f69da8-9d90-4e10-879d-f2bcdc65d9fe	2023-06-19 10:00:00	out	\N
15	2023-06-18 19:38:01.937921	2023-06-18 19:38:01.937921	c51a20f4-0965-4621-b030-d97cf94fb966	b0f69da8-9d90-4e10-879d-f2bcdc65d9fe	2023-06-19 10:00:00	out	\N
16	2023-06-18 19:38:01.942999	2023-06-18 19:38:01.942999	c51a20f4-0965-4621-b030-d97cf94fb966	b0f69da8-9d90-4e10-879d-f2bcdc65d9fe	2023-06-19 10:00:01	out	\N
17	2023-06-18 19:38:01.94804	2023-06-18 19:38:01.94804	c51a20f4-0965-4621-b030-d97cf94fb966	b0f69da8-9d90-4e10-879d-f2bcdc65d9fe	2023-06-19 10:00:02	out	\N
18	2023-06-18 19:38:01.953123	2023-06-18 19:38:01.953123	c51a20f4-0965-4621-b030-d97cf94fb966	b0f69da8-9d90-4e10-879d-f2bcdc65d9fe	2023-06-19 10:00:03	out	\N
19	2023-06-18 19:38:01.958222	2023-06-18 19:38:01.958222	c51a20f4-0965-4621-b030-d97cf94fb966	b0f69da8-9d90-4e10-879d-f2bcdc65d9fe	2023-06-19 10:00:04	out	\N
\.


--
-- Data for Name: contact; Type: TABLE DATA; Schema: public; Owner: sven
--

COPY public.contact (id, created_at, updated_at, member_id, type, value) FROM stdin;
\.


--
-- Data for Name: groups; Type: TABLE DATA; Schema: public; Owner: sven
--

COPY public.groups (id, created_at, updated_at, name) FROM stdin;
a0f823d7-9264-4edc-832e-3097da369300	2023-06-18 19:38:00.26603	2023-06-18 19:38:00.26603	Group A
d093592b-3d6e-4abf-8b9f-f322b85abc89	2023-06-18 19:38:00.879255	2023-06-18 19:38:00.879255	Team A
451e09f0-95b6-4a99-b3e5-b11cb92f7da2	2023-06-18 19:38:00.891779	2023-06-18 19:38:00.891779	Team B
c5e015a4-12a1-40df-a99d-505ae1f169ba	2023-06-18 19:38:03.860473	2023-06-18 19:38:03.891801	Group B
d9f764a2-12dc-48e0-82ff-9358c3e49bea	2023-06-18 19:38:04.043145	2023-06-18 19:38:04.043145	create_get_update_happening group 0
\.


--
-- Data for Name: groups_happenings; Type: TABLE DATA; Schema: public; Owner: sven
--

COPY public.groups_happenings (id, created_at, updated_at, group_id, happening_id) FROM stdin;
1	2023-06-18 19:38:00.270868	2023-06-18 19:38:00.270868	a0f823d7-9264-4edc-832e-3097da369300	fd0f1751-4232-4c21-af2d-13dc3968d183
2	2023-06-18 19:38:00.279184	2023-06-18 19:38:00.279184	a0f823d7-9264-4edc-832e-3097da369300	fbb353e6-a099-4d22-bfc1-d7cd71da7673
3	2023-06-18 19:38:00.905483	2023-06-18 19:38:00.905483	d093592b-3d6e-4abf-8b9f-f322b85abc89	b0f69da8-9d90-4e10-879d-f2bcdc65d9fe
4	2023-06-18 19:38:00.915608	2023-06-18 19:38:00.915608	d093592b-3d6e-4abf-8b9f-f322b85abc89	7c147585-e12a-432f-b6af-317513c1e588
5	2023-06-18 19:38:00.924065	2023-06-18 19:38:00.924065	d093592b-3d6e-4abf-8b9f-f322b85abc89	2e71d8ad-4b6a-4558-bbad-6066fbee9156
6	2023-06-18 19:38:00.932662	2023-06-18 19:38:00.932662	451e09f0-95b6-4a99-b3e5-b11cb92f7da2	25c22a87-9246-4c74-a915-4d2ec062a058
7	2023-06-18 19:38:00.941519	2023-06-18 19:38:00.941519	d093592b-3d6e-4abf-8b9f-f322b85abc89	85271ecb-a530-427e-b8db-ca312fb51fe3
8	2023-06-18 19:38:00.952559	2023-06-18 19:38:00.952559	d093592b-3d6e-4abf-8b9f-f322b85abc89	a4a87d01-0173-4b9f-8c82-3a987798c49f
9	2023-06-18 19:38:00.961006	2023-06-18 19:38:00.961006	d093592b-3d6e-4abf-8b9f-f322b85abc89	bbf3affb-51e2-49f8-90ac-057713ba3f2a
10	2023-06-18 19:38:00.969461	2023-06-18 19:38:00.969461	451e09f0-95b6-4a99-b3e5-b11cb92f7da2	f9a07b16-ec95-4444-afaa-b5f01f2aed8b
11	2023-06-18 19:38:00.977973	2023-06-18 19:38:00.977973	d093592b-3d6e-4abf-8b9f-f322b85abc89	1fb8e801-6ee2-4b9e-b1fb-a3462bf99bd4
12	2023-06-18 19:38:00.988677	2023-06-18 19:38:00.988677	d093592b-3d6e-4abf-8b9f-f322b85abc89	02f3fd5e-b421-40f8-a2b8-ca2457c4f0b3
13	2023-06-18 19:38:00.996648	2023-06-18 19:38:00.996648	451e09f0-95b6-4a99-b3e5-b11cb92f7da2	fefa19e8-19fa-45e1-beb9-8987f7236c22
14	2023-06-18 19:38:01.007314	2023-06-18 19:38:01.007314	d093592b-3d6e-4abf-8b9f-f322b85abc89	31443834-22d7-4fb9-9bf8-61f722ba85d5
15	2023-06-18 19:38:01.007314	2023-06-18 19:38:01.007314	451e09f0-95b6-4a99-b3e5-b11cb92f7da2	31443834-22d7-4fb9-9bf8-61f722ba85d5
16	2023-06-18 19:38:04.061385	2023-06-18 19:38:04.061385	d9f764a2-12dc-48e0-82ff-9358c3e49bea	14b97e84-838b-4110-8483-45606fdd3ab5
\.


--
-- Data for Name: member_is_to_group; Type: TABLE DATA; Schema: public; Owner: sven
--

COPY public.member_is_to_group (id, created_at, updated_at, source_member_id, target_group_id, role) FROM stdin;
1	2023-06-18 19:38:00.879255	2023-06-18 19:38:00.879255	269e2c65-5e6e-4f91-94f9-3145e0760404	d093592b-3d6e-4abf-8b9f-f322b85abc89	responsible
2	2023-06-18 19:38:00.879255	2023-06-18 19:38:00.879255	e57452f8-efaf-4dab-a5a9-b5433a10d2c3	d093592b-3d6e-4abf-8b9f-f322b85abc89	responsible
3	2023-06-18 19:38:00.879255	2023-06-18 19:38:00.879255	a618b7db-5058-49c6-b3c1-8ee6c2d80c5c	d093592b-3d6e-4abf-8b9f-f322b85abc89	responsible
4	2023-06-18 19:38:00.891779	2023-06-18 19:38:00.891779	269e2c65-5e6e-4f91-94f9-3145e0760404	451e09f0-95b6-4a99-b3e5-b11cb92f7da2	responsible
5	2023-06-18 19:38:00.891779	2023-06-18 19:38:00.891779	e57452f8-efaf-4dab-a5a9-b5433a10d2c3	451e09f0-95b6-4a99-b3e5-b11cb92f7da2	responsible
6	2023-06-18 19:38:01.021367	2023-06-18 19:38:01.021367	377174cf-1a11-48a5-ac8f-973d982f4830	d093592b-3d6e-4abf-8b9f-f322b85abc89	participant
7	2023-06-18 19:38:01.028246	2023-06-18 19:38:01.028246	1e676dae-4093-4d51-8055-9b29f296eb17	d093592b-3d6e-4abf-8b9f-f322b85abc89	participant
8	2023-06-18 19:38:01.03468	2023-06-18 19:38:01.03468	0a7b3406-fc36-4bd0-acb0-f02c16e97108	d093592b-3d6e-4abf-8b9f-f322b85abc89	participant
9	2023-06-18 19:38:01.040687	2023-06-18 19:38:01.040687	f576e02e-c8c0-4f3e-88af-dc7aec83fa65	d093592b-3d6e-4abf-8b9f-f322b85abc89	participant
10	2023-06-18 19:38:01.046837	2023-06-18 19:38:01.046837	c51a20f4-0965-4621-b030-d97cf94fb966	d093592b-3d6e-4abf-8b9f-f322b85abc89	participant
11	2023-06-18 19:38:01.052877	2023-06-18 19:38:01.052877	b14bcc82-e68a-4251-b98c-8ad2b189e964	d093592b-3d6e-4abf-8b9f-f322b85abc89	participant
12	2023-06-18 19:38:01.058988	2023-06-18 19:38:01.058988	222f9cb2-3a66-43e0-8381-0d26ed09419d	d093592b-3d6e-4abf-8b9f-f322b85abc89	participant
13	2023-06-18 19:38:01.064944	2023-06-18 19:38:01.064944	b081f08f-0490-4103-b8ea-776b7942ad7d	d093592b-3d6e-4abf-8b9f-f322b85abc89	participant
14	2023-06-18 19:38:01.071651	2023-06-18 19:38:01.071651	0f6ffc05-91d8-4209-879f-057fd4923e9d	d093592b-3d6e-4abf-8b9f-f322b85abc89	participant
15	2023-06-18 19:38:01.077772	2023-06-18 19:38:01.077772	2128c8f3-c048-470c-a1a9-2f7adf9daa27	d093592b-3d6e-4abf-8b9f-f322b85abc89	participant
16	2023-06-18 19:38:01.084031	2023-06-18 19:38:01.084031	f798cb9c-1178-4804-8a46-aeb40f545779	d093592b-3d6e-4abf-8b9f-f322b85abc89	participant
17	2023-06-18 19:38:01.090078	2023-06-18 19:38:01.090078	8a205b23-eb3d-4004-9aee-3b4e8da4ad99	d093592b-3d6e-4abf-8b9f-f322b85abc89	participant
18	2023-06-18 19:38:01.096024	2023-06-18 19:38:01.096024	4523d43b-12c0-4293-974a-d58a000ff901	d093592b-3d6e-4abf-8b9f-f322b85abc89	participant
19	2023-06-18 19:38:01.104312	2023-06-18 19:38:01.104312	ac300a8c-57af-44c5-b237-6cb8ac24e58b	d093592b-3d6e-4abf-8b9f-f322b85abc89	participant
20	2023-06-18 19:38:01.111418	2023-06-18 19:38:01.111418	a7d92dd5-225d-429e-94d3-98b495606bbc	d093592b-3d6e-4abf-8b9f-f322b85abc89	participant
21	2023-06-18 19:38:01.117134	2023-06-18 19:38:01.117134	084578ec-3245-4f93-a8e4-bbf1323c968f	d093592b-3d6e-4abf-8b9f-f322b85abc89	participant
22	2023-06-18 19:38:01.122922	2023-06-18 19:38:01.122922	a8e30a82-1ff5-4f9c-8675-657a4a4820a4	d093592b-3d6e-4abf-8b9f-f322b85abc89	participant
23	2023-06-18 19:38:01.128571	2023-06-18 19:38:01.128571	f026037a-39d5-423b-9426-afd68afd2a31	d093592b-3d6e-4abf-8b9f-f322b85abc89	participant
24	2023-06-18 19:38:01.134461	2023-06-18 19:38:01.134461	ad9d3f98-f9b7-46ad-9cbb-3ff38f00b64f	d093592b-3d6e-4abf-8b9f-f322b85abc89	participant
25	2023-06-18 19:38:01.140208	2023-06-18 19:38:01.140208	a46a9d35-4db8-4be7-9e26-76bc4bff35ef	d093592b-3d6e-4abf-8b9f-f322b85abc89	participant
26	2023-06-18 19:38:01.146112	2023-06-18 19:38:01.146112	04aedf23-4f42-4dbb-ac6e-a1e37847fd20	451e09f0-95b6-4a99-b3e5-b11cb92f7da2	participant
27	2023-06-18 19:38:01.152001	2023-06-18 19:38:01.152001	b65ce386-0633-49a2-848a-70fc971ddc9d	451e09f0-95b6-4a99-b3e5-b11cb92f7da2	participant
28	2023-06-18 19:38:01.157839	2023-06-18 19:38:01.157839	cf1b6216-d265-48ed-b0e3-f82dcaebfbd2	451e09f0-95b6-4a99-b3e5-b11cb92f7da2	participant
29	2023-06-18 19:38:01.164067	2023-06-18 19:38:01.164067	1dd4ae51-03a1-4a0b-85f8-1a4cf8ac825e	451e09f0-95b6-4a99-b3e5-b11cb92f7da2	participant
30	2023-06-18 19:38:01.169801	2023-06-18 19:38:01.169801	bc2f9cfd-f93b-4c18-b260-57869e432ee3	451e09f0-95b6-4a99-b3e5-b11cb92f7da2	participant
31	2023-06-18 19:38:01.175456	2023-06-18 19:38:01.175456	a6e45a92-cb9e-4c13-a308-5408a457ddc1	451e09f0-95b6-4a99-b3e5-b11cb92f7da2	participant
32	2023-06-18 19:38:01.181288	2023-06-18 19:38:01.181288	55cf4520-33b7-4c6e-b2ec-a2d331e162e9	451e09f0-95b6-4a99-b3e5-b11cb92f7da2	participant
33	2023-06-18 19:38:01.187128	2023-06-18 19:38:01.187128	dcf2224d-22eb-40ba-9c3f-e7a7dabfadd5	451e09f0-95b6-4a99-b3e5-b11cb92f7da2	participant
34	2023-06-18 19:38:01.192854	2023-06-18 19:38:01.192854	9dc39b74-79f4-4566-9b45-0cc557171da6	451e09f0-95b6-4a99-b3e5-b11cb92f7da2	participant
35	2023-06-18 19:38:01.198647	2023-06-18 19:38:01.198647	f7a4d783-b3c1-44ad-a615-2cd8147b4a62	451e09f0-95b6-4a99-b3e5-b11cb92f7da2	participant
36	2023-06-18 19:38:01.204494	2023-06-18 19:38:01.204494	bde0e010-7725-4363-9c52-8207dedeaa69	451e09f0-95b6-4a99-b3e5-b11cb92f7da2	participant
37	2023-06-18 19:38:01.210372	2023-06-18 19:38:01.210372	b9b862b7-408c-4a9b-a113-725d485206c0	451e09f0-95b6-4a99-b3e5-b11cb92f7da2	participant
38	2023-06-18 19:38:01.216119	2023-06-18 19:38:01.216119	0f86f8e7-ddfe-4e67-a059-ef3b4ff65de7	451e09f0-95b6-4a99-b3e5-b11cb92f7da2	participant
39	2023-06-18 19:38:01.221916	2023-06-18 19:38:01.221916	4c286853-d2d4-465b-935e-2a605fcbb8f7	451e09f0-95b6-4a99-b3e5-b11cb92f7da2	participant
40	2023-06-18 19:38:01.227789	2023-06-18 19:38:01.227789	1f1e1a3d-1ede-4897-b80d-c80f3f3c4618	451e09f0-95b6-4a99-b3e5-b11cb92f7da2	participant
41	2023-06-18 19:38:01.233802	2023-06-18 19:38:01.233802	b3b33268-414f-4fcd-aa92-c9b8a542d98e	451e09f0-95b6-4a99-b3e5-b11cb92f7da2	participant
42	2023-06-18 19:38:01.239599	2023-06-18 19:38:01.239599	b698dc0b-31f8-435b-b6c2-e472f768a904	451e09f0-95b6-4a99-b3e5-b11cb92f7da2	participant
43	2023-06-18 19:38:01.245372	2023-06-18 19:38:01.245372	85b7fae4-4612-40f2-84ca-fe1f31887d69	451e09f0-95b6-4a99-b3e5-b11cb92f7da2	participant
44	2023-06-18 19:38:01.251197	2023-06-18 19:38:01.251197	6f0ac53c-f2ec-4d09-af88-ad744f2dc77c	451e09f0-95b6-4a99-b3e5-b11cb92f7da2	participant
45	2023-06-18 19:38:01.256823	2023-06-18 19:38:01.256823	ed651508-c060-4856-8581-7df031fccd40	451e09f0-95b6-4a99-b3e5-b11cb92f7da2	participant
46	2023-06-18 19:38:01.262697	2023-06-18 19:38:01.262697	aa0451cf-bf2d-4d01-92d6-e9975bedf277	451e09f0-95b6-4a99-b3e5-b11cb92f7da2	participant
47	2023-06-18 19:38:03.860473	2023-06-18 19:38:03.860473	d7657915-61bd-465f-8983-ad91e3def24f	c5e015a4-12a1-40df-a99d-505ae1f169ba	responsible
48	2023-06-18 19:38:03.860473	2023-06-18 19:38:03.860473	7f5e7a0f-6ce8-4731-8ef6-53efc2175aec	c5e015a4-12a1-40df-a99d-505ae1f169ba	responsible
49	2023-06-18 19:38:03.860473	2023-06-18 19:38:03.860473	9b68a61e-1920-4a01-b211-32a0b44c929a	c5e015a4-12a1-40df-a99d-505ae1f169ba	participant
50	2023-06-18 19:38:03.860473	2023-06-18 19:38:03.860473	8cffe0bb-90f3-4ad6-802b-c981cac4a09d	c5e015a4-12a1-40df-a99d-505ae1f169ba	participant
51	2023-06-18 19:38:03.860473	2023-06-18 19:38:03.860473	cbd35807-1f5b-4e5e-9a2b-45441ce6aa54	c5e015a4-12a1-40df-a99d-505ae1f169ba	participant
52	2023-06-18 19:38:04.043145	2023-06-18 19:38:04.043145	7eb67a7f-695d-4848-adfa-f855ddf83f80	d9f764a2-12dc-48e0-82ff-9358c3e49bea	responsible
53	2023-06-18 19:38:04.043145	2023-06-18 19:38:04.043145	6e9f12d3-84dd-4dbf-b596-c20c611105d8	d9f764a2-12dc-48e0-82ff-9358c3e49bea	responsible
54	2023-06-18 19:38:04.043145	2023-06-18 19:38:04.043145	a274a59a-1daf-4586-9b9f-d4fafd1a18f0	d9f764a2-12dc-48e0-82ff-9358c3e49bea	participant
55	2023-06-18 19:38:04.043145	2023-06-18 19:38:04.043145	1d515155-4b3e-4ae1-a52d-bdbedfb915a6	d9f764a2-12dc-48e0-82ff-9358c3e49bea	participant
56	2023-06-18 19:38:04.043145	2023-06-18 19:38:04.043145	8588c61e-8db4-45c6-86e0-7403bff6296f	d9f764a2-12dc-48e0-82ff-9358c3e49bea	participant
\.


--
-- Data for Name: member_is_to_happening; Type: TABLE DATA; Schema: public; Owner: sven
--

COPY public.member_is_to_happening (id, created_at, updated_at, source_member_id, target_happening_id, role) FROM stdin;
1	2023-06-18 19:38:00.421394	2023-06-18 19:38:00.421394	269e2c65-5e6e-4f91-94f9-3145e0760404	fbb353e6-a099-4d22-bfc1-d7cd71da7673	responsible
2	2023-06-18 19:38:00.421394	2023-06-18 19:38:00.421394	269e2c65-5e6e-4f91-94f9-3145e0760404	fd0f1751-4232-4c21-af2d-13dc3968d183	responsible
3	2023-06-18 19:38:00.905483	2023-06-18 19:38:00.905483	269e2c65-5e6e-4f91-94f9-3145e0760404	b0f69da8-9d90-4e10-879d-f2bcdc65d9fe	responsible
4	2023-06-18 19:38:00.915608	2023-06-18 19:38:00.915608	e57452f8-efaf-4dab-a5a9-b5433a10d2c3	7c147585-e12a-432f-b6af-317513c1e588	responsible
5	2023-06-18 19:38:00.924065	2023-06-18 19:38:00.924065	a618b7db-5058-49c6-b3c1-8ee6c2d80c5c	2e71d8ad-4b6a-4558-bbad-6066fbee9156	responsible
6	2023-06-18 19:38:00.932662	2023-06-18 19:38:00.932662	6eb5088b-df78-4c55-b8a9-fdf6b50548a2	25c22a87-9246-4c74-a915-4d2ec062a058	responsible
7	2023-06-18 19:38:00.941519	2023-06-18 19:38:00.941519	269e2c65-5e6e-4f91-94f9-3145e0760404	85271ecb-a530-427e-b8db-ca312fb51fe3	responsible
8	2023-06-18 19:38:00.941519	2023-06-18 19:38:00.941519	e57452f8-efaf-4dab-a5a9-b5433a10d2c3	85271ecb-a530-427e-b8db-ca312fb51fe3	responsible
9	2023-06-18 19:38:00.952559	2023-06-18 19:38:00.952559	a618b7db-5058-49c6-b3c1-8ee6c2d80c5c	a4a87d01-0173-4b9f-8c82-3a987798c49f	responsible
10	2023-06-18 19:38:00.961006	2023-06-18 19:38:00.961006	6eb5088b-df78-4c55-b8a9-fdf6b50548a2	bbf3affb-51e2-49f8-90ac-057713ba3f2a	responsible
11	2023-06-18 19:38:00.969461	2023-06-18 19:38:00.969461	82aa93f2-1638-4375-a896-36735c93d691	f9a07b16-ec95-4444-afaa-b5f01f2aed8b	responsible
12	2023-06-18 19:38:00.977973	2023-06-18 19:38:00.977973	269e2c65-5e6e-4f91-94f9-3145e0760404	1fb8e801-6ee2-4b9e-b1fb-a3462bf99bd4	responsible
13	2023-06-18 19:38:00.977973	2023-06-18 19:38:00.977973	e57452f8-efaf-4dab-a5a9-b5433a10d2c3	1fb8e801-6ee2-4b9e-b1fb-a3462bf99bd4	responsible
14	2023-06-18 19:38:00.988677	2023-06-18 19:38:00.988677	a618b7db-5058-49c6-b3c1-8ee6c2d80c5c	02f3fd5e-b421-40f8-a2b8-ca2457c4f0b3	responsible
15	2023-06-18 19:38:00.996648	2023-06-18 19:38:00.996648	6eb5088b-df78-4c55-b8a9-fdf6b50548a2	fefa19e8-19fa-45e1-beb9-8987f7236c22	responsible
16	2023-06-18 19:38:00.996648	2023-06-18 19:38:00.996648	82aa93f2-1638-4375-a896-36735c93d691	fefa19e8-19fa-45e1-beb9-8987f7236c22	responsible
17	2023-06-18 19:38:01.007314	2023-06-18 19:38:01.007314	269e2c65-5e6e-4f91-94f9-3145e0760404	31443834-22d7-4fb9-9bf8-61f722ba85d5	responsible
18	2023-06-18 19:38:01.007314	2023-06-18 19:38:01.007314	e57452f8-efaf-4dab-a5a9-b5433a10d2c3	31443834-22d7-4fb9-9bf8-61f722ba85d5	responsible
19	2023-06-18 19:38:01.007314	2023-06-18 19:38:01.007314	a618b7db-5058-49c6-b3c1-8ee6c2d80c5c	31443834-22d7-4fb9-9bf8-61f722ba85d5	responsible
20	2023-06-18 19:38:04.061385	2023-06-18 19:38:04.061385	7eb67a7f-695d-4848-adfa-f855ddf83f80	14b97e84-838b-4110-8483-45606fdd3ab5	responsible
21	2023-06-18 19:38:04.061385	2023-06-18 19:38:04.061385	6e9f12d3-84dd-4dbf-b596-c20c611105d8	14b97e84-838b-4110-8483-45606fdd3ab5	responsible
22	2023-06-18 19:38:04.061385	2023-06-18 19:38:04.061385	a274a59a-1daf-4586-9b9f-d4fafd1a18f0	14b97e84-838b-4110-8483-45606fdd3ab5	participant
23	2023-06-18 19:38:04.061385	2023-06-18 19:38:04.061385	1d515155-4b3e-4ae1-a52d-bdbedfb915a6	14b97e84-838b-4110-8483-45606fdd3ab5	participant
24	2023-06-18 19:38:04.061385	2023-06-18 19:38:04.061385	8588c61e-8db4-45c6-86e0-7403bff6296f	14b97e84-838b-4110-8483-45606fdd3ab5	participant
\.


--
-- Data for Name: member_is_to_member; Type: TABLE DATA; Schema: public; Owner: sven
--

COPY public.member_is_to_member (id, created_at, updated_at, source_member_id, target_member_id, role) FROM stdin;
\.


--
-- Data for Name: notes; Type: TABLE DATA; Schema: public; Owner: sven
--

COPY public.notes (id, created_at, updated_at, note, author_member_id, member_notes_list_id) FROM stdin;
\.


--
-- Data for Name: seaql_migrations; Type: TABLE DATA; Schema: public; Owner: sven
--

COPY public.seaql_migrations (version, applied_at) FROM stdin;
m20220101_000001_create_table	1687117077
\.


--
-- Name: check_in_out_id_seq; Type: SEQUENCE SET; Schema: public; Owner: sven
--

SELECT pg_catalog.setval('public.check_in_out_id_seq', 19, true);


--
-- Name: contact_id_seq; Type: SEQUENCE SET; Schema: public; Owner: sven
--

SELECT pg_catalog.setval('public.contact_id_seq', 1, false);


--
-- Name: groups_happenings_id_seq; Type: SEQUENCE SET; Schema: public; Owner: sven
--

SELECT pg_catalog.setval('public.groups_happenings_id_seq', 16, true);


--
-- Name: member_is_to_group_id_seq; Type: SEQUENCE SET; Schema: public; Owner: sven
--

SELECT pg_catalog.setval('public.member_is_to_group_id_seq', 56, true);


--
-- Name: member_is_to_happening_id_seq; Type: SEQUENCE SET; Schema: public; Owner: sven
--

SELECT pg_catalog.setval('public.member_is_to_happening_id_seq', 24, true);


--
-- Name: member_is_to_member_id_seq; Type: SEQUENCE SET; Schema: public; Owner: sven
--

SELECT pg_catalog.setval('public.member_is_to_member_id_seq', 1, false);


--
-- Name: member_notes_list_id_seq; Type: SEQUENCE SET; Schema: public; Owner: sven
--

SELECT pg_catalog.setval('public.member_notes_list_id_seq', 1, false);


--
-- Name: notes_id_seq; Type: SEQUENCE SET; Schema: public; Owner: sven
--

SELECT pg_catalog.setval('public.notes_id_seq', 1, false);


--
-- PostgreSQL database dump complete
--

